totalTime,slamTime,renderTime,segmentationTime
61.375,72.03500000014901,1.4799999999813735,10.254999999888241
100.08999999985099,14.629999999888241,0.5050000003539026,8.265000000130385
49.325000000186265,15.06499999994412,0.8300000000745058,9.950000000186265
49.41500000003725,3.794999999925494,0.3300000000745058,6.625
50.38499999977648,5.814999999944121,1.6699999999254942,6.995000000111759
17.140000000130385,4.345000000204891,0.4599999999627471,8.270000000018626
32.59499999973923,3.959999999962747,0.39000000013038516,7.294999999925494
33.71500000031665,5,0.5100000002421439,7.009999999776483
33.10499999998137,3.4249999998137355,0.35499999998137355,6.649999999906868
50.02499999990687,3.5200000000186265,0.34999999962747097,5.9249999998137355
16.455000000074506,3.540000000037253,0.4050000002607703,5.790000000037253
50.78499999968335,3.5249999999068677,0.3799999998882413,6.110000000335276
16.675000000279397,3.4650000003166497,0.3799999998882413,5.754999999888241
32.640000000130385,3.680000000167638,0.43000000016763806,6.384999999776483
50.65499999979511,3.75,0.4199999999254942,11.625
49.56999999983236,7.8549999999813735,0.39000000013038516,13.974999999627471
33.32000000029802,5.464999999850988,0.5500000002793968,11.084999999962747
33.93500000005588,6.555000000167638,0.6749999998137355,9.234999999869615
32.84999999962747,5.150000000372529,0.7999999998137355,8.464999999850988
33.295000000391155,5.234999999869615,0.44000000040978193,8.819999999832362
33.204999999608845,3.209999999962747,0.35000000009313226,8.240000000223517
33.40000000037253,5.035000000149012,0.34500000020489097,15.324999999720603
33.794999999925494,4.350000000093132,0.6149999997578561,8.665000000037253
33.35000000009313,5.959999999962747,0.47000000020489097,14.415000000037253
33.03999999957159,4.654999999795109,0.43000000016763806,7.525000000372529
33.36500000022352,6.510000000242144,0.3399999998509884,13.660000000149012
32.97999999998137,5.2299999999813735,0.4199999999254942,11.700000000186265
33.43500000005588,5.724999999627471,0.44499999983236194,12.320000000298023
33.68999999994412,4.7999999998137355,0.5949999997392297,8.680000000167638
33.12000000011176,6.004999999888241,0.4499999997206032,13.359999999869615
33.31000000005588,4.639999999664724,0.4150000000372529,12.915000000037253
33.264999999664724,4.135000000242144,0.4450000002980232,8.834999999962747
33.16500000003725,3.3500000000931323,0.375,9.06499999994412
33.580000000074506,6.235000000335276,0.43500000005587935,13.669999999925494
33.52000000001863,4.569999999832362,0.47500000009313226,7.7700000000186265
33.30500000016764,5.65999999968335,0.5050000003539026,13.449999999720603
49.94499999983236,3.4949999996460974,0.3650000002235174,9.240000000223517
16.475000000093132,3.919999999925494,0.4950000001117587,5.725000000093132
50.14999999990687,6.620000000111759,0.43999999994412065,15.18999999994412
49.83499999996275,4.2700000000186265,0.4100000001490116,9.365000000223517
33.50499999988824,9.029999999795109,0.3350000004284084,15.444999999832362
33.10000000009313,3.109999999869615,0.3600000003352761,7.810000000055879
49.68500000005588,3.0499999998137355,0.34500000020489097,6.870000000111759
16.875,3.569999999832362,0.3449999997392297,6.425000000279397
33.359999999869615,3.1300000003539026,0.3799999998882413,7.765000000130385
33.18500000005588,3.1200000001117587,0.3349999999627471,6.660000000149012
33.41500000003725,3.180000000167638,0.35999999986961484,7.595000000204891
33.43500000005588,3.209999999962747,0.38500000024214387,6.714999999850988
49.77000000001863,3.290000000037253,0.34999999962747097,6.640000000130385
16.799999999813735,3.375,0.34500000020489097,6.239999999757856
33.31500000040978,4.455000000074506,0.4199999999254942,11.179999999701977
33.704999999608845,7.495000000111759,0.27000000001862645,12.599999999627471
32.89500000001863,4.025000000372529,0.3449999997392297,8.18999999994412
33.58499999996275,4.974999999627471,0.375,12.949999999720603
33.59500000020489,4.125,0.4249999998137355,8.604999999981374
33.015000000130385,7.5,0.35499999998137355,14.265000000130385
33.3699999996461,5.0450000003911555,0.4199999999254942,8.009999999776483
50.27000000001863,3.610000000335276,0.3449999997392297,9.785000000149012
32.81500000040978,6.745000000111759,0.4050000002607703,10.334999999962747
50.389999999664724,3.099999999627471,0.34500000020489097,7.959999999962747
33.04000000003725,2.9950000001117587,0.3300000000745058,6.745000000111759
33.12000000011176,2.9799999999813735,0.38500000024214387,6.564999999944121
33.62000000011176,3.845000000204891,0.35499999998137355,6.259999999776483
33.50499999988824,3.319999999832362,0.375,6.390000000130385
33.06999999983236,3.360000000335276,0.35499999998137355,6.739999999757856
49.7550000003539,3.3999999999068677,0.3449999997392297,6.495000000111759
16.83999999985099,3.5399999995715916,0.3650000002235174,8.650000000372529
33.71999999973923,5.669999999925494,0.3399999998509884,10.455000000074506
33.235000000335276,5.699999999720603,0.4649999998509884,11.819999999832362
33.27999999979511,4.964999999850988,0.8600000003352761,9.774999999906868
33.16000000014901,3.5749999997206032,0.34500000020489097,9.635000000242144
33.53500000014901,7.379999999888241,0.3650000002235174,7.1450000000186265
33.579999999608845,5.165000000037253,0.3650000002235174,6.765000000130385
38.3800000003539,9.009999999776483,0.5200000000186265,18.28499999968335
61.58499999996275,3.0249999999068677,0.35499999998137355,7.125
32.889999999664724,2.970000000204891,0.3449999997392297,7.495000000111759
33.20999999996275,4.425000000279397,0.3299999996088445,7.03000000026077
34.28000000026077,3.375,0.3600000003352761,9.929999999701977
32.830000000074506,3.059999999590218,1.0049999998882413,6.859999999869615
32.919999999925494,3.109999999869615,1.040000000037253,6.919999999925494
33.56000000005588,3.1300000003539026,0.9849999998696148,6.964999999850988
33.489999999757856,4.34499999973923,0.3249999997206032,7.03000000026077
33.08499999996275,3.0300000002607703,0.3399999998509884,6.455000000074506
33.110000000335276,64.08999999985099,0.7399999997578561,8.28000000026077
100.25999999977648,41.080000000074506,1.1850000000558794,7.3549999999813735
83.7050000000745,14.509999999776483,14.320000000298023,6.175000000279397
66.37000000011176,14.260000000242144,0.9249999998137355,5.629999999888241
49.734999999869615,13.945000000298023,0.6850000000558794,6.964999999850988
50.484999999869615,63.484999999869615,0.9350000000558794,9.574999999720603
83.1750000002794,16.00499999988824,1.0649999999441206,9.049999999813735
33.174999999813735,12.68999999994412,0.7000000001862645,6.629999999888241
33.75,13.43999999994412,0.8399999998509884,7.820000000298023
32.81000000005588,19.12999999988824,0.7149999998509884,6.7999999998137355
33.625,63.864999999757856,0.8849999997764826,6.805000000167638
99.52999999979511,23.65500000026077,1.6999999997206032,5.680000000167638
34.375,27.084999999962747,1,8.229999999981374
66,13.665000000037253,1.084999999962747,6.514999999664724
36.49500000011176,21.569999999832362,2.7400000002235174,7.180000000167638
63.86500000022352,41.575000000186265,1.5249999999068677,6.7999999998137355
66.61499999975786,13.834999999962747,0.8950000000186265,7.380000000353903
33.16000000014901,13.65500000026077,1.569999999832362,6.214999999850988
33.044999999925494,13.665000000037253,1.165000000037253,6.5
50.03500000014901,22.549999999813735,1.0249999999068677,6.955000000074506
49.95999999996275,24.865000000223517,1.0049999998882413,6.504999999888241
33.390000000130385,22.41000000014901,1.180000000167638,7.474999999627471
36.09499999973923,22.96999999973923,1.2000000001862645,7.524999999906868
64.5800000000745,61.12999999988824,1.25,5.390000000130385
116.03500000014901,43.0749999997206,1.154999999795109,6.919999999925494
83.10499999998137,39.609999999869615,1.6350000002421439,6.649999999906868
68.11499999975786,16.695000000298023,1.2549999998882413,7.625
32.85499999998137,27.520000000018626,1.0099999997764826,7.084999999962747
65.83499999996275,29.24500000011176,1.9899999997578561,6.484999999869615
66.59000000031665,27.87999999988824,1.5350000001490116,6.054999999701977
83.39999999990687,27.264999999664724,1.305000000167638,6.649999999906868
67.04000000003725,28.62000000011176,1.4799999999813735,8.920000000391155
66.54999999981374,27.41000000014901,1.2349999998696148,12.354999999981374
49.97999999998137,27.674999999813735,1.0150000001303852,8.915000000037253
66.49500000011176,25.22000000020489,1.1699999999254942,9.959999999962747
66.81999999983236,24.02999999979511,1.2700000000186265,14.06499999994412
66.54000000003725,67.06000000005588,1.3799999998882413,15.375
116.87000000011176,32.62999999988824,1.2199999997392297,10.470000000204891
51.20999999996275,30.149999999906868,1.5600000000558794,8.225000000093132
65.20999999996275,38.40499999979511,1.4649999998509884,8.800000000279397
83.64000000013039,15.450000000186265,1.7549999998882413,8.845000000204891
66.4499999997206,18.549999999813735,1.334999999962747,14.940000000409782
49.980000000447035,46.16500000003725,1.654999999795109,7.439999999944121
66.7449999996461,12.544999999925494,1.540000000037253,7.385000000242144
33,28.149999999906868,1.2600000002421439,6.259999999776483
67.20000000018626,39.35000000009313,1.2299999999813735,6.399999999906868
66.56000000005588,31.984999999869615,1.555000000167638,6.439999999944121
66.22500000009313,33.47000000020489,1.5800000000745058,6.429999999701977
66.67499999981374,33.06999999983236,1.319999999832362,12.300000000279397
83.62000000011176,87.31000000005588,1.5900000003166497,14.049999999813735
133.27000000001863,47.5050000003539,1.9550000000745058,9.739999999757856
83.56499999994412,46.24500000011176,1.6000000000931323,8.964999999850988
83.0449999999255,37.830000000074506,1.790000000037253,7.919999999925494
49.94499999983236,14.979999999981374,1.7650000001303852,9.379999999888241
33.360000000335276,33.02499999990687,2.165000000037253,6.28499999968335
66.34499999973923,43.14999999990687,1.720000000204891,6.2000000001862645
66.93999999994412,32.02499999990687,1.5600000000558794,6.495000000111759
66.64500000001863,32.39500000001863,1.959999999962747,8.68999999994412
67.0449999999255,39.15999999968335,1.665000000037253,10.695000000298023
83.09500000020489,34.625,1.7050000000745058,9.660000000149012
67.08499999996275,41.65499999979511,1.7450000001117587,8.535000000149012
83.2050000000745,19.850000000093132,1.654999999795109,9.990000000223517
32.83999999985099,99.88999999966472,1.565000000409782,6.635000000242144
133.99500000011176,52.125,1.6950000002980232,14.615000000223517
99.375,48.15499999979511,2.010000000242144,8.779999999795109
66.4199999999255,32.62000000011176,1.8850000002421439,8.125
66.9550000000745,40.81999999983236,1.779999999795109,7.669999999925494
83.625,14.695000000298023,1.819999999832362,6.504999999888241
49.93999999994412,29.319999999832362,2.434999999590218,6.435000000055879
66.78500000014901,106.49000000022352,2.194999999832362,6.7299999999813735
133.40999999968335,54.03500000014901,2.125,10.989999999757856
116.44000000040978,52.71499999985099,5.724999999627471,15.34499999973923
99.92499999981374,34.705000000074506,1.9799999999813735,8.895000000018626
66.53500000014901,33.50499999988824,1.8850000002421439,8.68500000005588
50.27000000001863,31.415000000037253,2.5899999998509884,9.350000000093132
66.76499999966472,30.600000000093132,1.8650000002235174,7.640000000130385
66.69500000029802,12.515000000130385,1.8849999997764826,6.294999999925494
32.75499999988824,26.770000000018626,1.7349999998696148,8.205000000074506
66.70000000018626,17.440000000409782,1.8299999996088445,6.394999999552965
33.64999999990687,34.68999999994412,1.9699999997392297,8.845000000204891
83.41500000003725,32.989999999757856,1.7949999999254942,10.265000000130385
66.97499999962747,33.765000000130385,1.8950000000186265,8.484999999869615
49.625,33.389999999664724,2.3249999997206032,9.420000000391155
66.32500000018626,14.075000000186265,2.220000000204891,7.669999999925494
33.18500000005588,29.330000000074506,2.0200000000186265,6.459999999962747
83.93500000005588,83.18500000005588,1.930000000167638,6.419999999925494
133.18999999994412,35.06499999994412,2.4900000002235174,10.225000000093132
49.68000000016764,36.70999999996275,1.9399999999441206,7.185000000055879
83.65499999979511,33.55500000016764,1.9199999999254942,9.930000000167638
66.35999999986961,35.35000000009313,2.044999999925494,8.059999999590218
50.37000000011176,31.350000000093132,1.8700000001117587,9.524999999906868
83.48499999986961,29.020000000018626,1.6450000000186265,6.46500000031665
49.80500000016764,28.679999999701977,1.6100000003352761,6.384999999776483
66.08999999985099,13.070000000298023,1.974999999627471,8.31000000005588
50.90500000026077,38.97999999998137,2.0750000001862645,6.589999999850988
49.2449999996461,27.375,1.720000000204891,7.285000000149012
67.2550000003539,12.745000000111759,1.75,8.629999999888241
33.044999999925494,38.510000000242144,1.904999999795109,8.205000000074506
83.59499999973923,32.110000000335276,2.014999999664724,10.529999999795109
66.89000000013039,21.740000000223517,2.1999999997206032,9.220000000204891
49.57000000029802,22.46999999973923,2.0300000002607703,14.745000000111759
66.68499999959022,21.290000000037253,2.205000000074506,8.475000000093132
34.18000000016764,18.490000000223517,2.654999999795109,8.125
34.20999999996275,68.97999999998137,2.8250000001862645,10.53000000026077
114.56999999983236,28.295000000391155,2.1199999996460974,8
50.27000000001863,27.884999999776483,1.900000000372529,6.300000000279397
67.01000000024214,18.229999999981374,2.040000000037253,6.484999999869615
49.68999999994412,26.049999999813735,2.0750000001862645,11.385000000242144
66.875,25.46999999973923,2.260000000242144,14.305000000167638
66.27999999979511,23.104999999981374,2.3399999998509884,8.429999999701977
50.635000000242144,15.850000000093132,1.8500000000931323,12.739999999757856
49.59500000020489,22.920000000391155,2.389999999664724,8.78499999968335
66.47499999962747,25.205000000074506,2.0200000000186265,8.464999999850988
50.22500000009313,23.649999999906868,1.7950000003911555,6.8549999999813735
34.544999999925494,19.81000000005588,1.6450000000186265,7.399999999906868
32.49000000022352,21.25499999988824,1.4900000002235174,9.120000000111759
33.669999999925494,52.8249999997206,1.4900000002235174,7.305000000167638
82.72999999998137,30.830000000074506,1.9899999997578561,6.600000000093132
49.97500000009313,13.964999999850988,2.3500000000931323,6.640000000130385
32.94499999983236,29.74500000011176,1.834999999962747,6.435000000055879
66.78000000026077,29.015000000130385,1.6400000001303852,9.029999999795109
66.87999999988824,28.100000000093132,1.5350000001490116,8.34499999973923
66.11499999975786,36.39500000001863,1.6899999999441206,8.290000000037253
67.03000000026077,38.21500000031665,1.5150000001303852,11.769999999552965
83.46499999985099,19.635000000242144,1.5049999998882413,8.725000000093132
50.22500000009313,26.330000000074506,1.7349999998696148,7.689999999944121
66.4550000000745,79.55499999970198,1.4050000002607703,6.429999999701977
116.24500000011176,43.114999999757856,1.7100000004284084,6.390000000130385
83.29999999981374,40.44499999983236,1.595000000204891,6.540000000037253
67.02999999979511,38.3699999996461,1.6750000002793968,8.755000000353903
83.30500000016764,41.450000000186265,1.6450000000186265,10.379999999888241
83.24500000011176,46.83999999985099,1.540000000037253,8.56499999994412
66.72500000009313,37.16000000014901,1.7399999997578561,8.40999999968335
66.38999999966472,32.37999999988824,1.6499999999068677,6.294999999925494
66.40500000026077,33.49500000011176,1.8399999998509884,6.5
66.73499999986961,33.22000000020489,1.6850000000558794,8.43500000005588
83.97500000009313,34.5500000002794,1.7949999999254942,9.084999999962747
54.33999999985099,32.85499999998137,1.6600000001490116,9.915000000037253
78.68999999994412,30.294999999925494,2.1200000001117587,9.84000000031665
50.49500000011176,28.91000000014901,1.8100000000558794,8.024999999906868
66.14999999990687,12.834999999962747,1.5800000000745058,7.640000000130385
49.705000000074506,38.31000000005588,1.7600000002421439,6.910000000149012
54.46499999985099,24.084999999962747,1.845000000204891,7.514999999664724
62.5500000002794,21.700000000186265,1.595000000204891,6.21999999973923
49.8249999997206,13.424999999813735,1.9200000003911555,6.569999999832362
50.110000000335276,19.75499999988824,2.305000000167638,6.314999999944121
33.84499999973923,29.139999999664724,1.7150000003166497,7.260000000242144
65.95000000018626,71.79999999981374,1.6899999999441206,6.2700000000186265
100.15999999968335,31.78999999957159,1.900000000372529,7.080000000074506
83.15500000026077,31.350000000093132,1.8999999999068677,6.560000000055879
50.5,29.56000000005588,1.7149999998509884,7.71500000031665
66.01500000013039,28.985000000335276,1.8100000000558794,6.4549999996088445
67.20499999960884,28.395000000018626,1.8250000001862645,6.574999999720603
66.27000000001863,15.145000000018626,1.694999999832362,12.150000000372529
39.170000000391155,26.734999999869615,2.334999999962747,6.699999999720603
77.92999999970198,14.450000000186265,1.9799999999813735,9.859999999869615
50.04000000003725,27.850000000093132,1.9750000000931323,8.625
66.4550000000745,95.47999999998137,2.2450000001117587,8.779999999795109
150.43000000016764,40.794999999925494,1.7800000002607703,10.794999999925494
82.70499999960884,49.54000000003725,1.8699999996460974,9.619999999646097
70.4550000000745,36.81499999994412,2.095000000204891,8.490000000223517
79.51500000013039,13.959999999962747,1.845000000204891,6.390000000130385
67.23499999986961,43.22999999998137,1.7349999998696148,7.25
82.78500000014901,31.055000000167638,1.5049999998882413,6.294999999925494
83.39500000001863,31.669999999925494,1.6600000001490116,10.285000000149012
66.81000000005588,94.5500000002794,1.7949999999254942,8.029999999795109
133.35999999986961,48.264999999664724,2.3800000003539026,7.46500000031665
83.66000000014901,44.955000000074506,1.8549999999813735,12.955000000074506
82.81499999994412,38.109999999869615,2.3100000000558794,9.320000000298023
83.33999999985099,14.335000000428408,1.7399999997578561,9.625
33.57000000029802,31.56000000005588,1.584999999962747,9.149999999906868
66.35999999986961,39.4499999997206,1.6200000001117587,6.3250000001862645
66.89999999990687,29.270000000018626,1.7749999999068677,7.915000000037253
82.95000000018626,29.71999999973923,1.970000000204891,6.474999999627471
50.52999999979511,38.140000000130385,1.8249999997206032,6.03000000026077
67.02499999990687,33.89999999990687,1.8399999998509884,8.010000000242144
82.6300000003539,13.029999999795109,1.8800000003539026,9.665000000037253
50.21499999985099,56.35000000009313,2.099999999627471,13.06000000005588
99.97500000009313,29.429999999701977,2.235000000335276,13.040000000037253
66.50999999977648,26.859999999869615,2.430000000167638,8.040000000037253
83.46499999985099,28.02999999979511,1.959999999962747,11.06000000005588
67.1300000003539,14.634999999776483,2.720000000204891,9.040000000037253
66.11499999975786,14.055000000167638,1.7400000002235174,10.06000000005588
50.47500000009313,14.010000000242144,2.0499999998137355,7.4799999999813735
49.794999999925494,19.364999999757856,2.025000000372529,9.305000000167638
50.41000000014901,24.494999999646097,1.709999999962747,14.220000000204891
65.84499999973923,11.989999999757856,1.709999999962747,8.479999999981374
50.75,15.584999999962747,2.0750000001862645,9.075000000186265
49.385000000242144,22.544999999925494,2.125,13.700000000186265
66.81999999983236,20.31499999994412,1.790000000037253,13.490000000223517
66.85499999998137,16.200000000186265,2.0649999999441206,9.009999999776483
33.56499999994412,18.18500000005588,2.0799999996088445,8.21500000031665
33.05500000016764,19.59000000031665,1.8149999999441206,7.504999999888241
33.31000000005588,17.854999999981374,1.805000000167638,7.6450000000186265
33.10000000009313,17.819999999832362,1.7749999999068677,6.620000000111759
35.91500000003725,27.40499999979511,1.8850000002421439,6.334999999962747
63.94499999983236,17.46500000031665,2.084999999962747,6.279999999795109
33.385000000242144,11.084999999962747,2.294999999925494,7.794999999925494
33.40499999979511,12.415000000037253,1.834999999962747,6.425000000279397
33.49500000011176,16.489999999757856,1.915000000037253,6.435000000055879
33.25,17.149999999906868,1.8549999999813735,6.1700000003911555
33.35499999998137,16.96999999973923,2.0249999999068677,6.069999999832362
49.830000000074506,13.834999999962747,2.1200000001117587,7.1049999999813735
50.19499999983236,21.419999999925494,1.8700000001117587,9.260000000242144
34.85499999998137,16.18999999994412,1.8950000000186265,8.095000000204891
48.65499999979511,17.990000000223517,2.9750000000931323,12.699999999720603
66.53000000026077,17.84999999962747,2.375,14.03000000026077
50.27499999990687,28.395000000018626,1.8949999995529652,14.129999999888241
83.16000000014901,63.70999999996275,2.2549999998882413,9.824999999720603
99.75,21.83999999985099,2.194999999832362,7.680000000167638
66.72999999998137,21.114999999757856,1.959999999962747,13.885000000242144
67.02499999990687,13.625,2.154999999795109,9.240000000223517
49.55500000016764,24.854999999981374,2.1750000002793968,13.604999999981374
67.18999999994412,35.109999999869615,2.1499999999068677,13.330000000074506
66.02999999979511,30.415000000037253,2.224999999627471,7.135000000242144
67,23.47499999962747,2.2950000003911555,12.93999999994412
67.02499999990687,22.399999999906868,2.044999999925494,12.279999999795109
65.90000000037253,21.274999999906868,2.25,9.069999999832362
34.89999999990687,19,2.234999999869615,7.819999999832362
49.06999999983236,15.084999999962747,2.720000000204891,13.43500000005588
66.23499999986961,18.010000000242144,2.080000000074506,10
49.9250000002794,16.669999999925494,2.3100000000558794,7.1049999999813735
49.80499999970198,24.890000000130385,2.9149999995715916,6.580000000074506
49.86500000022352,15.680000000167638,2.0049999998882413,6.379999999888241
33.78500000014901,16.580000000074506,1.9950000001117587,7.679999999701977
49.794999999925494,15.100000000093132,2.3500000000931323,6.810000000055879
49.83999999985099,13.745000000111759,2.294999999925494,6.75
33.39999999990687,13.610000000335276,2.2199999997392297,6.5799999996088445
33.61500000022352,13.544999999925494,2.040000000037253,7.540000000037253
33.419999999925494,67.2050000000745,2.1450000000186265,7.274999999906868
99.72999999998137,14.884999999776483,2.1300000003539026,12.510000000242144
34.169999999925494,13.274999999906868,2.150000000372529,9
32.60000000009313,21.149999999906868,2.2749999999068677,6.430000000167638
34.03500000014901,26.080000000074506,1.9899999997578561,8.359999999869615
65.5749999997206,25.68500000005588,2.4950000001117587,6.384999999776483
66.56499999994412,25.930000000167638,2.4250000002793968,6.474999999627471
66.84000000031665,25.200000000186265,2.1299999998882413,6.529999999795109
83.39999999990687,32.35000000009313,2.2199999997392297,10.825000000186265
49.875,19.100000000093132,2.125,8.870000000111759
34.77499999990687,18.270000000018626,2.040000000037253,7.515000000130385
32.200000000186265,29.069999999832362,1.9799999999813735,7.740000000223517
66.45999999996275,18.68999999994412,2.1749999998137355,6.495000000111759
33.90499999979511,18.665000000037253,2.390000000130385,6.350000000093132
33.30500000016764,20.290000000037253,2.5249999999068677,7.305000000167638
49.54000000003725,17.83500000042841,2.0799999996088445,6.554999999701977
66.99500000011176,78.02999999979511,2.2700000000186265,10.834999999962747
116.59499999973923,15.15999999968335,2.385000000242144,8.545000000391155
33.640000000130385,22.600000000093132,2.135000000242144,7.5
34.49500000011176,32.455000000074506,2.0700000002980232,6.53499999968335
65.41500000003725,21.97000000020489,2.2450000001117587,7.654999999795109
34.12999999988824,12.419999999925494,2.234999999869615,7.259999999776483
32.515000000130385,20.110000000335276,2.109999999869615,6.144999999552965
32.739999999757856,16.790000000037253,1.970000000204891,7.459999999962747
49.875,20.489999999757856,2.135000000242144,6.745000000111759
50.18999999994412,11.109999999869615,3.5949999997392297,6.390000000130385
33.53000000026077,27.419999999925494,1.9950000001117587,6.334999999962747
83.58499999996275,13,2.0949999997392297,6.6450000000186265
49.64500000001863,19.52999999979511,2.9900000002235174,12.100000000093132
83.375,17.52500000037253,2.2199999997392297,10.484999999869615
66.96999999973923,18.390000000130385,2.0200000000186265,9.004999999888241
49.640000000130385,16.65500000026077,2.2700000000186265,7.564999999944121
50.364999999757856,17.609999999869615,2.5649999999441206,12.71500000031665
49.68000000016764,67.92499999981374,2.044999999925494,7.7299999999813735
100.31000000005588,25.37999999988824,2.1600000001490116,7.850000000093132
66.6699999999255,23.934999999590218,2.294999999925494,9.410000000149012
66.56999999983236,24.149999999906868,2.9050000002607703,14.485000000335276
66.375,31.90999999968335,3,7.730000000447035
83.81500000040978,20.864999999757856,3.5649999999441206,9.25
66.2949999999255,34.90500000026077,2.2299999999813735,9.915000000037253
66.68999999994412,19.919999999925494,2.4699999997392297,7.925000000279397
49.89999999990687,25.96499999985099,2.3149999999441206,14.515000000130385
67.17499999981374,17.354999999981374,2.359999999869615,13.940000000409782
66.24000000022352,23.520000000018626,2.334999999962747,9.34000000031665
66.47500000009313,33.47000000020489,2.6450000000186265,15.854999999981374
67.35999999986961,21.760000000242144,2.1899999999441206,8.06499999994412
34.359999999869615,19.270000000018626,2.1349999997764826,7.709999999962747
48.705000000074506,22.25499999988824,2.7999999998137355,8.045000000391155
66.37999999988824,69.29999999981374,2.6799999997019768,9.444999999832362
83.79500000039116,34.82000000029802,2.1450000000186265,7.264999999664724
82.77000000001863,26.885000000242144,3.0750000001862645,11.794999999925494
67.28499999968335,27.18500000005588,2.694999999832362,7.615000000223517
66.02499999990687,15.725000000093132,2.2849999996833503,8.735000000335276
49.985000000335276,21.875,2.4900000002235174,8.444999999832362
35.47500000009313,20.109999999869615,3.5499999998137355,9.459999999962747
65.03999999957159,19.84500000020489,2.279999999795109,6.260000000242144
32.90000000037253,15.055000000167638,2.194999999832362,8.014999999664724
33.59999999962747,20.31499999994412,2.3549999999813735,6.490000000223517
34.0500000002794,19.705000000074506,2.2999999998137355,7.915000000037253
32.31999999983236,20.075000000186265,2.1600000001490116,7.459999999962747
34.52000000001863,18.959999999962747,2.205000000074506,7.910000000149012
34.07000000029802,19.380000000353903,2.2149999998509884,7.539999999571592
31.604999999981374,12.074999999720603,2.135000000242144,7.334999999962747
33.294999999925494,17.794999999925494,2.4500000001862645,6.149999999906868
33.1199999996461,21.579999999608845,2.3500000000931323,6.4249999998137355
34.955000000074506,20.444999999832362,2.1000000000931323,8.410000000149012
33.27500000037253,29.300000000279397,2.1600000001490116,7.644999999552965
82.18499999959022,62.64500000001863,2.235000000335276,6.455000000074506
83.125,13.859999999869615,2.4500000001862645,8.235000000335276
34.07000000029802,24.070000000298023,2.2199999997392297,7.029999999795109
65.67999999970198,22.109999999869615,2.055000000167638,6.34000000031665
50.04000000003725,20.549999999813735,2.2550000003539026,6.524999999906868
67.15500000026077,21.795000000391155,2.3249999997206032,6.429999999701977
50.114999999757856,14.649999999906868,2.040000000037253,6.430000000167638
32.74000000022352,23.359999999869615,2.0600000000558794,6.060000000055879
34.989999999757856,21.08999999985099,2.7149999998509884,8.264999999664724
64.70999999996275,19.444999999832362,2.2700000000186265,7.569999999832362
33.950000000186265,20.145000000018626,2.4350000000558794,7.78000000026077
32.700000000186265,16.830000000074506,2.109999999869615,6.754999999888241
33.40999999968335,22.52999999979511,2.084999999962747,6.2999999998137355
33.33499999996275,23.21999999973923,2.044999999925494,7.195000000298023
35.0050000003539,13.18999999994412,2.080000000074506,7.184999999590218
32.419999999925494,13.119999999646097,1.915000000037253,6.0499999998137355
32.609999999869615,62.31999999983236,2.234999999869615,6.360000000335276
100.76000000024214,22.510000000242144,2.3449999997392297,8.18999999994412
66.06999999983236,32.205000000074506,2.1349999997764826,13.490000000223517
83.55500000016764,24.604999999981374,2.4699999997392297,9.540000000037253
66.48999999975786,20.915000000037253,2.1550000002607703,9.81499999994412
49.77999999979511,63.99000000022352,2.0099999997764826,8.035000000149012
117.08500000042841,35.9250000002794,2.015000000130385,10.90999999968335
51.424999999813735,14.56000000005588,2.1600000001490116,7.495000000111759
34.46499999985099,21.134999999776483,1.9799999999813735,8.320000000298023
63.74000000022352,19.695000000298023,1.915000000037253,6.259999999776483
50.68999999994412,19.365000000223517,2.0649999999441206,6.529999999795109
49.31999999983236,28.755000000353903,2.209999999962747,6.274999999906868
66.57000000029802,19,2.014999999664724,8.68999999994412
34.6199999996461,17.71499999985099,2.0200000000186265,8.004999999888241
32.795000000391155,28.27500000037253,1.9099999996833503,7.429999999701977
66.50499999988824,13.059999999590218,2.6700000003911555,6.115000000223517
34.890000000130385,20.139999999664724,2.319999999832362,6.294999999925494
32.34499999973923,20.209999999962747,1.9650000003166497,7.160000000149012
48.950000000186265,18.78499999968335,1.9699999997392297,6.639999999664724
50.68500000005588,17.330000000074506,2.0649999999441206,6.34499999973923
33.09499999973923,17.329999999608845,2.0850000004284084,6.510000000242144
33.16500000003725,11.254999999888241,1.9849999998696148,6.205000000074506
32.90499999979511,22.18500000005588,1.9250000002793968,6.515000000130385
33.265000000130385,20.805000000167638,1.9699999997392297,7.7000000001862645
39.82000000029802,13.890000000130385,2.4799999999813735,7.254999999888241
28.65499999979511,17.930000000167638,2.3449999997392297,7.2000000001862645
35.08499999996275,67.57000000029802,2.7899999995715916,7.209999999962747
113.5449999999255,25.555000000167638,3.1749999998137355,6.515000000130385
66.38500000024214,27.109999999869615,2.1300000003539026,8.379999999888241
50.10000000009313,35.799999999813735,2.140000000130385,6.6049999999813735
67.18999999994412,26.33500000042841,2.0249999999068677,12.579999999608845
83.06499999994412,23.62999999988824,2.1499999999068677,13.995000000111759
51.674999999813735,11.665000000037253,2.9299999997019768,7.71500000031665
47.825000000186265,17.15500000026077,2.5,6.629999999888241
50.364999999757856,31.00499999988824,1.9849999998696148,6.135000000242144
66.48500000033528,30.705000000074506,2.165000000037253,8.039999999571592
66.73999999975786,21.21499999985099,2.1300000003539026,6.430000000167638
34.87999999988824,10.514999999664724,1.8950000000186265,7.959999999962747
32.1300000003539,19.93999999994412,2.055000000167638,6.439999999944121
33.55999999959022,19.259999999776483,2.0350000001490116,7.335000000428408
35.05500000016764,19.375,2.1450000000186265,7.470000000204891
31.919999999925494,19.194999999832362,2.455000000074506,9.294999999925494
35.60000000009313,10.225000000093132,2.055000000167638,7.2700000000186265
30.169999999925494,19.139999999664724,2.140000000130385,6.21500000031665
33.35000000009313,19.78500000014901,1.9199999999254942,8.375
35.41000000014901,10.895000000018626,1.8399999998509884,8.274999999906868
30.919999999925494,73.375,2.110000000335276,6.384999999776483
100.05499999970198,28.864999999757856,2.1899999999441206,6.2700000000186265
67.07500000018626,27.52999999979511,2.5200000000186265,6.40500000026077
66.54000000003725,14.65999999968335,2.2800000002607703,6.595000000204891
50.33499999996275,13.099999999627471,2.4350000000558794,9.15500000026077
50,27.334999999962747,2.4200000003911555,7.8549999999813735
66.45999999996275,29.399999999906868,2.0200000000186265,10.970000000204891
83.44500000029802,28.09499999973923,2.760000000242144,9.649999999906868
66.33499999996275,26.475000000093132,2.109999999869615,8.165000000037253
50.66500000003725,25.59500000020489,2.084999999962747,7.1450000000186265
65.89499999955297,27.330000000074506,2.0200000000186265,6.425000000279397
67.37000000011176,26.680000000167638,1.9949999996460974,9.660000000149012
66.63500000024214,27.790000000037253,2.2299999999813735,15.634999999776483
82.7449999996461,24.805000000167638,2.3399999998509884,8.674999999813735
67.24500000011176,34.18000000016764,2.4499999997206032,13.985000000335276
83.22500000009313,16.669999999925494,2.4350000000558794,14.265000000130385
66.31999999983236,25.399999999906868,2.1300000003539026,10.68500000005588
67.16500000003725,13.964999999850988,2.8500000000931323,13.300000000279397
33.625,11.450000000186265,2.1300000003539026,7.810000000055879
32.53000000026077,22.549999999813735,2.529999999795109,9.18500000005588
83.54999999981374,61,2.455000000074506,6.6049999999813735
82.99500000011176,35.24500000011176,3.2999999998137355,6.510000000242144
66.53500000014901,26.140000000130385,3.444999999832362,6.574999999720603
67.13999999966472,25.949999999720603,2.4050000002607703,10.589999999850988
83.24500000011176,21.854999999981374,2.9799999999813735,9.78000000026077
50.385000000242144,24.145000000018626,2.6450000000186265,8.789999999571592
66.17499999981374,23.180000000167638,2.415000000037253,13.984999999869615
66.94499999983236,74.2050000000745,2.669999999925494,15.025000000372529
116.47999999998137,13.955000000074506,2.889999999664724,8.024999999906868
49.920000000391155,15.770000000018626,3.6999999997206032,13.31499999994412
36.125,12.774999999906868,2.8399999998509884,7.199999999720603
47.0749999997206,23.425000000279397,3.2549999998882413,8.979999999981374
66.60999999986961,76.2449999996461,2.640000000130385,13.360000000335276
116.9550000000745,20.274999999906868,2.7149999998509884,13.635000000242144
66.64999999990687,28.255000000353903,2.9249999998137355,14.580000000074506
66.96500000031665,14.71500000031665,2.915000000037253,8.479999999981374
50.25499999988824,24.645000000018626,2.959999999962747,8.25
49.799999999813735,23.93500000005588,3.0349999996833503,7.8299999996088445
66.36500000022352,27.62999999988824,2.8500000000931323,13.195000000298023
67.12000000011176,15.979999999981374,4.240000000223517,12.254999999888241
66.27499999990687,88.71500000031665,3.2250000000931323,14.81000000005588
150.06000000005588,29.930000000167638,3.2599999997764826,9.629999999888241
66.13999999966472,15.270000000018626,3.2299999999813735,8.944999999832362
66.93500000005588,15.449999999720603,3.3100000000558794,8.649999999906868
50.330000000074506,27.819999999832362,3.4100000001490116,13.240000000223517
66.79000000003725,34.489999999757856,3.0649999999441206,8.129999999888241
66.06000000005588,33.13499999977648,3.1150000002235174,8.365000000223517
83.625,78.42499999981374,3.5600000000558794,10.40500000026077
133.25,25.96499999985099,3.625,9.735000000335276
66.47500000009313,21.864999999757856,5.135000000242144,9.555000000167638
50.72999999998137,21.46999999973923,3.3549999999813735,6.095000000204891
33.81000000005588,21.87000000011176,3.3999999999068677,7.589999999850988
65.98499999986961,16.455000000074506,3.5350000001490116,9.274999999906868
34.41500000003725,17.980000000447035,3.625,9.21999999973923
33.46499999985099,94.06000000005588,3.459999999962747,7.415000000037253
131.5449999999255,29.83500000042841,4.929999999701977,6.4549999996088445
66.9550000000745,27.989999999757856,3.8500000000931323,6.300000000279397
82.82500000018626,28.544999999925494,3.404999999795109,10.004999999888241
67.08999999985099,26.225000000093132,3.6299999998882413,8.070000000298023
66.49000000022352,25.15500000026077,3.654999999795109,12.294999999925494
66.72499999962747,23.18999999994412,3.444999999832362,11.494999999646097
66.7050000000745,91.3000000002794,3.8500000000931323,8.869999999646097
116.55500000016764,16.140000000130385,3.864999999757856,7.265000000130385
50.10000000009313,26.484999999869615,5.274999999906868,6.669999999925494
50.21499999985099,22.265000000130385,3.984999999869615,6.3950000000186265
82.87999999988824,80.43999999994412,3.709999999962747,6.544999999925494
116.77500000037253,19.305000000167638,4.004999999888241,10.654999999795109
66.72999999998137,21.859999999869615,4.0200000000186265,8.859999999869615
67.09499999973923,12.584999999962747,3.859999999869615,8.015000000130385
49.950000000186265,88.86500000022352,4.3250000001862645,7.214999999850988
116.85499999998137,27.15499999979511,4.004999999888241,14.270000000018626
82.78499999968335,29.864999999757856,4.084999999962747,9.680000000167638
50.44000000040978,77.33499999996275,4.044999999925494,8.004999999888241
99.27000000001863,15.660000000149012,3.8549999999813735,6.194999999832362
36.64999999990687,13.004999999888241,4.024999999906868,5.9500000001862645
30.069999999832362,20.09500000020489,5.7999999998137355,6.189999999944121
36.075000000186265,21.18500000005588,4.180000000167638,7.540000000037253
63.97499999962747,17.09499999973923,3.669999999925494,7.815000000409782
33.8000000002794,12.234999999869615,3.6349999997764826,7.899999999906868
32.989999999757856,59.62999999988824,3.8999999999068677,6.324999999720603
100.39000000013039,33.00999999977648,3.9450000002980232,8.075000000186265
82.79000000003725,30.65999999968335,3.9950000001117587,9.365000000223517
67.33499999996275,28.96499999985099,5.625,7.7700000000186265
50.14500000001863,26.305000000167638,5.189999999944121,8.850000000093132
65.7949999999255,13.279999999795109,5.279999999795109,6.3250000001862645
33.93500000005588,14.299999999813735,5.444999999832362,6.464999999850988
33.94499999983236,16.760000000242144,5.3549999999813735,7.369999999646097
33.25,20.99500000011176,5.455000000074506,7.384999999776483
65.91000000014901,23.609999999869615,3.885000000242144,8.505000000353903
66.40500000026077,95.37000000011176,3.7549999998882413,8.569999999832362
133.27000000001863,20.71499999985099,3.9649999998509884,9.020000000018626
66.7949999999255,30.919999999925494,3.580000000074506,8.785000000149012
67.0800000000745,39.46500000031665,5.464999999850988,9.379999999888241
66.63999999966472,33.614999999757856,5.080000000074506,7.75
82.82500000018626,35.125,3.8449999997392297,6.410000000149012
51.13499999977648,80.9499999997206,3.900000000372529,6.485000000335276
99.54000000003725,33.69499999983236,3.669999999925494,8.524999999906868
82.68000000016764,32.49500000011176,3.8250000001862645,9.245000000111759
51.53500000014901,26.72000000020489,3.830000000074506,8.90999999968335
65.5,25.65000000037253,3.665000000037253,7.599999999627471
66.54999999981374,14.924999999813735,3.7800000002607703,7.84000000031665
50.044999999925494,23.21499999985099,4.195000000298023,8.390000000130385
66.52499999990687,102.16000000014901,3.5549999997019768,9.055000000167638
117.68999999994412,35.6999999997206,3.5900000003166497,7.585000000428408
82.36000000033528,20.40500000026077,5.399999999906868,14.319999999832362
50.08999999985099,35.37999999988824,3.940000000409782,7.955000000074506
66.60499999998137,14.015000000130385,4.060000000055879,6.410000000149012
33.02000000001863,25.834999999962747,5.53000000026077,6.490000000223517
83.53500000014901,96.25999999977648,5.2700000000186265,6.4500000001862645
133.58499999996275,46.325000000186265,5.474999999627471,7.959999999962747
100.25499999988824,31.759999999776483,3.859999999869615,9.21500000031665
50.60499999998137,29.820000000298023,3.889999999664724,9.044999999925494
65.36500000022352,28.25499999988824,3.790000000037253,6.189999999944121
82.96999999973923,102.875,3.7999999998137355,7.055000000167638
116.87999999988824,48.72999999998137,3.890000000130385,7.890000000130385
83.41000000014901,37.02000000001863,3.735000000335276,12.90500000026077
83.29000000003725,31.609999999869615,3.9350000000558794,9.279999999795109
83.75,89.62999999988824,4.1749999998137355,10.365000000223517
133.45999999996275,17.205000000074506,3.8500000000931323,9.640000000130385
66.2050000000745,15.985000000335276,3.864999999757856,9.625
67.35999999986961,81.79500000039116,3.7700000000186265,8.774999999906868
116.54000000003725,26.770000000018626,3.5249999999068677,6.160000000149012
83.14000000013039,24.630000000353903,3.694999999832362,8.56499999994412
49.484999999869615,18.709999999962747,3.915000000037253,8.40500000026077
34.1750000002794,17.709999999962747,3.609999999869615,7.339999999850988
34.625,77.81499999994412,3.5200000000186265,7.279999999795109
114.42999999970198,23.22000000020489,3.8700000001117587,6.459999999962747
66.64000000013039,22.270000000018626,3.8799999998882413,7.3950000000186265
50.44499999983236,22.119999999646097,3.7000000001862645,6.744999999646097
35.81499999994412,18.739999999757856,3.859999999869615,7.860000000335276
64.32500000018626,20.100000000093132,3.6899999999441206,9.234999999869615
66.72999999998137,60.75,3.5749999997206032,9.010000000242144
116.24500000011176,28.90499999979511,3.805000000167638,10.330000000074506
67.12999999988824,34.234999999869615,5.609999999869615,8.110000000335276
52.260000000242144,14.164999999571592,5.274999999906868,7.375
31.149999999906868,12.100000000093132,5.239999999757856,7.089999999850988
38.41500000003725,26.08500000042841,6.044999999925494,5.824999999720603
61.58499999996275,82.7949999999255,5.5200000000186265,7.089999999850988
99.7949999999255,14.779999999795109,5.189999999944121,7.305000000167638
36.75499999988824,33.29000000003725,5.40500000026077,7.084999999962747
79.35499999998137,34.174999999813735,5.4799999999813735,6.53000000026077
50.69500000029802,26.979999999981374,5.084999999962747,7.324999999720603
83.53999999957159,28.475000000093132,3.6499999999068677,11.845000000204891
55.60000000009313,83.66500000003725,5.509999999776483,6.625
127.6750000002794,32.64999999990687,3.6299999998882413,6.564999999944121
66.56499999994412,31.669999999925494,3.665000000037253,6.314999999944121
66.10499999998137,14.68999999994412,3.5300000002607703,8.915000000037253
34.12000000011176,15.06000000005588,3.6049999999813735,7.774999999906868
33.1999999997206,15.255000000353903,3.3149999999441206,7.310000000055879
34.16500000003725,95.56999999983236,5.4200000003911555,7.745000000111759
131.56499999994412,15.385000000242144,3.4799999999813735,6.294999999925494
33.64999999990687,15.049999999813735,3.4350000000558794,6.320000000298023
33.110000000335276,30.509999999776483,3.290000000037253,7.165000000037253
83.69499999983236,32.830000000074506,3.419999999925494,9.544999999925494
52.669999999925494,27.975000000093132,3.4950000001117587,7.745000000111759
80.41000000014901,79.40500000026077,3.614999999757856,6.810000000055879
116.89000000013039,16.50499999988824,5.28000000026077,7.194999999832362
34.34499999973923,29.010000000242144,5.119999999646097,7.205000000074506
82.23499999986961,31.62000000011176,3.385000000242144,7.100000000093132
50.860000000335276,26.744999999646097,3.544999999925494,6.830000000074506
82.41500000003725,12.699999999720603,3.6750000002793968,6.5799999996088445
50.2449999996461,61.24000000022352,3.640000000130385,7.8549999999813735
100.46500000031665,36.010000000242144,3.6749999998137355,7.679999999701977
66.52499999990687,31.759999999776483,3.900000000372529,8.229999999981374
66.64500000001863,29.25499999988824,4.0200000000186265,7.300000000279397
66.35999999986961,13.479999999981374,3.8400000003166497,6.140000000130385
33.46499999985099,27.299999999813735,3.7400000002235174,6.235000000335276
83.0800000000745,106.8249999997206,3.8250000001862645,6.8950000000186265
166.70999999996275,41.389999999664724,3.8650000002235174,13.139999999664724
83.51000000024214,40.22499999962747,4.2700000000186265,8.120000000111759
66.47500000009313,94.82500000018626,3.944999999832362,7.429999999701977
133.05499999970198,16.895000000018626,4,6.324999999720603
34.760000000242144,17.415000000037253,3.919999999925494,8.06499999994412
32.96499999985099,14.630000000353903,3.529999999795109,7.129999999888241
32.72500000009313,18.864999999757856,4.25,6.78000000026077
35.83999999985099,14.904999999795109,3.8399999998509884,6.885000000242144
34,33.91000000014901,3.6499999999068677,6.285000000149012
63.5500000002794,41.00999999977648,4.044999999925494,6.2700000000186265
66.4499999997206,61.125,3.7800000002607703,6.245000000111759
99.64000000013039,21.395000000018626,3.684999999590218,6.660000000149012
35.62000000011176,16.070000000298023,3.8549999999813735,6.449999999720603
35.18999999994412,31.270000000018626,4.365000000223517,8.875
62.91000000014901,31.959999999962747,3.580000000074506,6.149999999906868
66.13999999966472,14.730000000447035,3.6749999998137355,6.25
33.62000000011176,12.420000000391155,3.7149999998509884,5.439999999944121
33.55500000016764,64.54999999981374,3.444999999832362,8.305000000167638
99.9199999999255,44.0749999997206,3.440000000409782,7.495000000111759
83.75,15.154999999795109,3.5649999999441206,7.935000000055879
66.33499999996275,29.27999999979511,3.6749999998137355,10.03000000026077
55.50499999988824,36.10499999998137,5.115000000223517,6.1450000000186265
60.83999999985099,95.21000000042841,5.194999999832362,6.125
150.2200000002049,20.449999999720603,3.7400000002235174,6.7000000001862645
50.174999999813735,36.28500000014901,5.4799999999813735,9.100000000093132
83.24500000011176,39.375,3.5949999997392297,8.970000000204891
83.28500000014901,82.9499999997206,3.640000000130385,7.6049999999813735
102.16500000003725,44.52000000001863,3.6799999997019768,7.634999999776483
70.20999999996275,16.49500000011176,3.489999999757856,6.754999999888241
30.5,29.115000000223517,3.4549999996088445,7.5200000000186265
80.14000000013039,27.975000000093132,3.595000000204891,7.279999999795109
66.72999999998137,27.41499999957159,3.7450000001117587,6.529999999795109
67.27999999979511,80.29999999981374,5.2299999999813735,6.629999999888241
116.72999999998137,16.62999999988824,5.505000000353903,6.415000000037253
34.06999999983236,14.974999999627471,5.15500000026077,7.125
32.93500000005588,28.395000000018626,4.870000000111759,6.935000000055879
67.77500000037253,27.33999999985099,3.859999999869615,7.109999999869615
64.45499999960884,80.85499999998137,3.6749999998137355,6.5200000000186265
116.79000000003725,15.919999999925494,3.635000000242144,6.714999999850988
67.09500000020489,33.31000000005588,3.635000000242144,7.294999999925494
53.43500000005588,14.584999999962747,3.4799999999813735,7.790000000037253
29.794999999925494,24.90499999979511,3.5,7.419999999925494
66.52999999979511,98.125,5.21500000031665,6.2299999999813735
133.15000000037253,33.60000000009313,5.46999999973923,7.274999999906868
83.15499999979511,34.8000000002794,3.7700000000186265,6.5
53.66500000003725,95.74000000022352,3.4799999999813735,6.8950000000186265
147.26500000013039,37.43999999994412,3.6450000000186265,9.375
82.87999999988824,89.32000000029802,3.489999999757856,11.919999999925494
149.74500000011176,32.049999999813735,3.4500000001862645,11.770000000018626
51.579999999608845,13.854999999981374,3.3500000000931323,7.330000000074506
32.93500000005588,89.2949999999255,3.4399999999441206,8.854999999981374
131.88500000024214,35.02499999990687,3.2599999997764826,6.34499999973923
67.04000000003725,91.33499999996275,3.6200000001117587,6.3950000000186265
133.339999999851,37.58499999996275,3.4399999999441206,12.490000000223517
83.18500000005588,62.045000000391155,4.689999999944121,8.484999999869615
88.70999999996275,17.179999999701977,3.3700000001117587,7.455000000074506
61.234999999869615,15.479999999981374,3.135000000242144,6.2700000000186265
34.169999999925494,28.209999999962747,3.3250000001862645,7.5200000000186265
82.2550000003539,87.19499999983236,3.569999999832362,6.294999999925494
133.39999999990687,31.115000000223517,3.294999999925494,6.5200000000186265
66.97500000009313,14.895000000018626,3.4399999999441206,6.654999999795109
50.16500000003725,92.56000000005588,3.2749999999068677,11.629999999888241
133.47999999998137,18.300000000279397,3.614999999757856,11.819999999832362
66.73999999975786,22.244999999646097,3.640000000130385,9.985000000335276
66.58499999996275,84.72999999998137,4.8549999999813735,12.785000000149012
149.5449999999255,29.75499999988824,3.305000000167638,7.629999999888241
66.98500000033528,16.055000000167638,3.1150000002235174,12.149999999906868
66.77499999990687,21.950000000186265,3.540000000037253,9.979999999981374
49.95999999996275,17.294999999925494,3.5200000000186265,7.510000000242144
32.75499999988824,16.895000000018626,3.1000000000931323,7.59000000031665
37.07000000029802,79.16000000014901,3.334999999962747,7.679999999701977
102.07999999960884,25.09500000020489,4.734999999869615,6.220000000204891
61.32000000029802,22.644999999552965,3.1150000002235174,6.234999999869615
36.37999999988824,12.679999999701977,3.334999999962747,7.140000000130385
34.015000000130385,24.699999999720603,4.040000000037253,8.450000000186265
62.85499999998137,15.875,3.470000000204891,9.884999999776483
33.59499999973923,17.919999999925494,3.1899999999441206,7.745000000111759
33.235000000335276,17.084999999962747,3.154999999795109,7.484999999869615
36.55499999970198,10.740000000223517,3.1349999997764826,6.7700000000186265
30.260000000242144,11.415000000037253,3.114999999757856,6.484999999869615
32.95999999996275,76.27499999990687,3.640000000130385,6.25
101.92999999970198,11.569999999832362,3.359999999869615,6.03499999968335
48.1300000003539,18.93999999994412,3.265000000130385,6.685000000055879
66.13499999977648,10.600000000093132,3.544999999925494,6.564999999944121
50.734999999869615,10.235000000335276,4.759999999776483,6.34499999973923
35.64500000001863,79.10000000009313,4.484999999869615,7.050000000279397
104.27500000037253,32.330000000074506,3.4250000002793968,5.089999999850988
76.625,12.089999999850988,3.5300000002607703,6.399999999906868
50.00999999977648,75.92499999981374,3.7250000000931323,6.3950000000186265
116.66500000003725,18.040000000037253,3.484999999869615,10.044999999925494
66.54999999981374,19.315000000409782,3.4649999998509884,8.5
66.53500000014901,83.14500000001863,3.609999999869615,9.720000000204891
133.2050000000745,72.93500000005588,3.669999999925494,8.854999999981374
133.31499999994412,65.10999999986961,3.8250000001862645,9.110000000335276
89.82500000018626,14.884999999776483,5.1450000000186265,6.040000000037253
32.84499999973923,61.80500000016764,5.125,7.5
94.20000000018626,14.675000000279397,5.369999999646097,6.004999999888241
40.614999999757856,69.60499999998137,3.5899999998509884,7.220000000204891
109.56000000005588,20.27999999979511,3.720000000204891,7.830000000074506
66.34000000031665,12.135000000242144,3.6799999997019768,6.389999999664724
49.89999999990687,74.54000000003725,3.919999999925494,6.125
101.67499999981374,13.104999999981374,3.8800000003539026,6.709999999962747
33.34500000020489,12.254999999888241,3.6499999999068677,7.625
33.21999999973923,11.669999999925494,3.625,5.544999999925494
31.87999999988824,13.274999999906868,3.6450000000186265,6.360000000335276
33.390000000130385,16.41000000014901,3.7599999997764826,7.245000000111759
37.609999999869615,11.71999999973923,3.7999999998137355,5.59000000031665
31.005000000353903,12.049999999813735,3.6450000000186265,5.814999999944121
31.43999999994412,76.71999999973923,5.350000000093132,7.475000000093132
109.02999999979511,31.930000000167638,6.1049999999813735,6.574999999720603
58.19500000029802,12.919999999925494,3.970000000204891,6.419999999925494
32.90999999968335,25.635000000242144,3.654999999795109,6.939999999944121
66.33499999996275,79.5449999999255,3.890000000130385,6.209999999962747
116.80500000016764,28.96499999985099,4.100000000093132,7.25
66.89500000001863,103.03000000026077,3.944999999832362,7.9500000001862645
119.72500000009313,16.33999999985099,4.03000000026077,7.25
39.109999999869615,29.68500000005588,4.570000000298023,6.794999999925494
74.22500000009313,86.16000000014901,4.129999999888241,6.3950000000186265
116.68000000016764,14.845000000204891,4.1450000000186265,6.319999999832362
35.204999999608845,12.495000000111759,3.9500000001862645,5.5499999998137355
32.59000000031665,15.649999999906868,3.955000000074506,7.189999999944121
36.514999999664724,23.03000000026077,4.009999999776483,6.40999999968335
62.135000000242144,22.295000000391155,4.019999999552965,6.384999999776483
37.35499999998137,84.57500000018626,4,6.544999999925494
100.125,31.520000000018626,3.864999999757856,7.314999999944121
62.81999999983236,33.44500000029802,4.139999999664724,6.875
83.16500000003725,15.354999999981374,4.4500000001862645,8.955000000074506
66.90500000026077,23.420000000391155,4.4249999998137355,9.114999999757856
66.75,66.10499999998137,4.1049999999813735,7.8950000000186265
82.73499999986961,39.485000000335276,4.254999999888241,7.149999999906868
66.89500000001863,35.68000000016764,4.404999999795109,7.8950000000186265
83.33499999996275,28.87999999988824,4.635000000242144,6.330000000074506
49.79000000003725,98.71499999985099,4.290000000037253,7.060000000055879
134.25,30.950000000186265,4.220000000204891,6.870000000111759
82.91000000014901,27.015000000130385,4.209999999962747,9.21999999973923
49.97999999998137,26.075000000186265,4.259999999776483,8.049999999813735
66.72999999998137,24.429999999701977,4.275000000372529,5.9799999999813735
66.26499999966472,31.455000000074506,6.330000000074506,6.245000000111759
83.28500000014901,12.089999999850988,6.239999999757856,6.515000000130385
66.82500000018626,82.29999999981374,4.209999999962747,6.669999999925494
133.35499999998137,22.915000000037253,4.680000000167638,8.319999999832362
50.205000000074506,12.134999999776483,4.484999999869615,7.810000000055879
34.46999999973923,11.979999999981374,4.3250000001862645,6.709999999962747
32.91000000014901,18.290000000037253,4.404999999795109,6.399999999906868
34.89500000001863,17.58999999985099,4.370000000111759,8.020000000018626
35.109999999869615,74.65000000037253,6.334999999962747,9.084999999962747
112.40499999979511,38.83499999996275,4.630000000353903,6.544999999925494
83.13500000024214,21.56000000005588,4.470000000204891,6.259999999776483
37.22500000009313,20.075000000186265,4.415000000037253,7.2299999999813735
62.669999999925494,23.74500000011176,4.25,10.660000000149012
83.44499999983236,74.53500000014901,4.240000000223517,10.009999999776483
116.76000000024214,16.330000000074506,4.364999999757856,7.350000000093132
49.92999999970198,14.490000000223517,4.509999999776483,7.189999999944121
50.66500000003725,23.34500000020489,4.679999999701977,6.984999999869615
65.82000000029802,19.609999999869615,4.625,6.189999999944121
35.14999999990687,20.729999999981374,4.555000000167638,7.444999999832362
65.06999999983236,20.175000000279397,4.4799999999813735,6.2299999999813735
35.87999999988824,11.65999999968335,4.5450000003911555,6.630000000353903
32.99500000011176,18.114999999757856,4.4799999999813735,6.425000000279397
33.97999999998137,12.06000000005588,4.429999999701977,7.390000000130385
33.85000000009313,12.265000000130385,4.430000000167638,6.234999999869615
38.955000000074506,15.979999999981374,4.775000000372529,6.7299999999813735
57.93500000005588,87.77999999979511,4.629999999888241,6.350000000093132
104.03499999968335,32.730000000447035,4.7999999998137355,7.2299999999813735
78.92000000039116,31.009999999776483,4.570000000298023,6.564999999944121
54.614999999757856,25.925000000279397,4.679999999701977,8.129999999888241
78.93999999994412,24.950000000186265,4.910000000149012,6.399999999906868
66.59500000020489,23.25,4.880000000353903,6.464999999850988
66.81000000005588,106.54999999981374,4.740000000223517,8.43500000005588
149.69499999983236,23.069999999832362,5.0200000000186265,7.7700000000186265
66.60999999986961,20.479999999981374,7.169999999925494,8.544999999925494
66.68000000016764,74.19500000029802,7.1749999998137355,6.1749999998137355
103.20999999996275,24.009999999776483,7.0750000001862645,7.680000000167638
80.22500000009313,24.90999999968335,5.459999999962747,6.319999999832362
53.68500000005588,24.71999999973923,5.165000000037253,5.649999999906868
63,21.234999999869615,4.995000000111759,6.2999999998137355
37.46999999973923,20.15500000026077,5.114999999757856,7.310000000055879
79.44500000029802,105.02999999979511,5.455000000074506,9.549999999813735
149.9949999996461,28.795000000391155,5.404999999795109,7.114999999757856
83.38500000024214,37.18000000016764,5.439999999944121,10.200000000186265
100.25499999988824,79.19499999983236,5.53499999968335,13.279999999795109
116.16000000014901,16.770000000018626,8.175000000279397,7.569999999832362
39.864999999757856,31.5,5.824999999720603,6.595000000204891
77.02500000037253,34.3000000002794,5.489999999757856,10.009999999776483
83.67999999970198,15.459999999962747,5.7299999999813735,9.09000000031665
35.64500000001863,28.455000000074506,5.535000000149012,7.330000000074506
63.74500000011176,72.15500000026077,5.71999999973923,8.334999999962747
101.44499999983236,17.68500000005588,6.679999999701977,6.370000000111759
39.110000000335276,17.40499999979511,6.065000000409782,6.2700000000186265
59.6999999997206,14.904999999795109,5.569999999832362,6.240000000223517
37.294999999925494,32.06499999994412,5.705000000074506,6.185000000055879
79.57500000018626,110.12000000011176,5.619999999646097,6.4799999999813735
150.089999999851,19.614999999757856,5.814999999944121,8.335000000428408
66.03000000026077,35.704999999608845,5.870000000111759,7.654999999795109
67.00999999977648,32.205000000074506,5.660000000149012,7.555000000167638
83.37999999988824,107.72500000009313,8.68500000005588,6.640000000130385
149.77500000037253,17.919999999925494,6.220000000204891,8.620000000111759
38.014999999664724,42.12000000011176,5.910000000149012,7.955000000074506
78.625,38.03500000014901,8.595000000204891,12.074999999720603
100.47000000020489,28.49500000011176,8.770000000018626,9.544999999925494
54.69499999983236,26.50499999988824,5.995000000111759,7.625
61.86500000022352,100.56999999983236,6.135000000242144,6.369999999646097
133.05499999970198,34.35000000009313,6.350000000093132,13.334999999962747
83.61500000022352,31.975000000093132,6.3549999999813735,9.015000000130385
52.77499999990687,32.1999999997206,6.190000000409782,6.885000000242144
63.64999999990687,31.334999999962747,6.194999999832362,7.439999999944121
66.5,133.24500000011176,6.4799999999813735,7.005000000353903
166.785000000149,39.25499999988824,8.06000000005588,8.09000000031665
74.47000000020489,36.05499999970198,7.870000000111759,5.649999999906868
61.63499999977648,33.06499999994412,6.865000000223517,7.3549999999813735
80.26500000013039,33.10499999998137,6.705000000074506,7.709999999962747
52.89500000001863,127.46999999973923,6.390000000130385,7.504999999888241
164.02499999990687,46.510000000242144,6.364999999757856,7.339999999850988
83.39000000013039,15.975000000093132,6.665000000037253,7.709999999962747
50.13499999977648,104.38499999977648,6.939999999944121,7.78000000026077
149.81999999983236,19.040000000037253,6.435000000055879,8.099999999627471
66.23500000033528,27.385000000242144,9.329999999608845,8.520000000018626
54.080000000074506,106.3249999997206,8.915000000037253,8.28499999968335
131.37999999988824,14.229999999981374,8.75,7.245000000111759
38.35000000009313,25.46000000042841,8.894999999552965,6.8299999996088445
76.72499999962747,100.40500000026077,6.640000000130385,6.955000000074506
121.09000000031665,27.175000000279397,7.225000000093132,8.919999999925494
62.889999999664724,38.33999999985099,9.56000000005588,6.259999999776483
71.44500000029802,95.93999999994412,6.509999999776483,6.5
127.81499999994412,18.40000000037253,6.484999999869615,7.21999999973923
37.640000000130385,18.194999999832362,6.595000000204891,7.149999999906868
61.93999999994412,32.510000000242144,6.384999999776483,8.080000000074506
83.69499999983236,25.375,7.1450000000186265,8.81000000005588
59.109999999869615,15.160000000149012,6.9500000001862645,5.305000000167638
74.34500000020489,88.46500000031665,6.525000000372529,10.709999999962747
117.81999999983236,31.25,6.535000000149012,8.93500000005588
81.82500000018626,31.53499999968335,9.415000000037253,6.5750000001862645
55.79000000003725,28.99500000011176,5.930000000167638,6.984999999869615
60.984999999869615,15.055000000167638,6.194999999832362,6.2299999999813735
33.47000000020489,13.375,6.194999999832362,7.040000000037253
44.52999999979511,26.479999999981374,7.669999999925494,6.90500000026077
55.41000000014901,104.43500000005588,8.649999999906868,6.46999999973923
150.5800000000745,47.609999999869615,9.78000000026077,9.879999999888241
85.3249999997206,50.02000000001863,6.524999999906868,9.34000000031665
113.75,31.584999999962747,6.419999999925494,7.335000000428408
51.35499999998137,112.89500000001863,6.53000000026077,7.099999999627471
133.24000000022352,41.484999999869615,6.1749999998137355,8.225000000093132
74.74500000011176,23.104999999981374,6.620000000111759,6.7700000000186265
74.125,43.97999999998137,6.690000000409782,6.46999999973923
83.20499999960884,32.9499999997206,6.5799999996088445,5.935000000055879
83.5500000002794,104.63499999977648,6.689999999944121,6.65999999968335
150.14000000013039,17.93500000005588,6.75,7.734999999869615
38.4499999997206,14.584999999962747,7.040000000037253,6.774999999906868
61.80500000016764,28.805000000167638,6.9500000001862645,7.384999999776483
66.60000000009313,98.2050000000745,6.685000000055879,6.21999999973923
149.82999999960884,36.72500000009313,6.65999999968335,8.31499999994412
83.19000000040978,39.200000000186265,6.919999999925494,10.125
68.81999999983236,14.220000000204891,6.734999999869615,6.1749999998137355
33.38499999977648,94.47999999998137,6.6749999998137355,7.0450000003911555
131.60000000009313,37.10000000009313,6.875,6.535000000149012
83.16500000003725,14.604999999981374,6.790000000037253,6.964999999850988
66.43999999994412,14.434999999590218,6.7999999998137355,6.560000000055879
66.44500000029802,93.47000000020489,6.6749999998137355,8.424999999813735
121.58499999996275,35.14999999990687,6.870000000111759,6.46999999973923
78.76499999966472,38.80500000016764,6.685000000055879,8.59499999973923
83.35499999998137,30.78999999957159,6.839999999850988,6.810000000055879
83.44000000040978,12.975000000093132,6.714999999850988,6.569999999832362
66.42999999970198,62.22999999998137,9.665000000037253,6.525000000372529
87.52499999990687,27.27999999979511,6.669999999925494,7.365000000223517
62.41500000003725,15.649999999906868,6.7950000003911555,6.625
35.14999999990687,25.00499999988824,6.5200000000186265,7.375
64.80500000016764,12.114999999757856,6.760000000242144,6.140000000130385
37.74000000022352,12.114999999757856,6.680000000167638,7.75
32.65999999968335,12.154999999795109,7.035000000149012,7.53000000026077
32.8000000002794,79.07500000018626,6.90999999968335,7.125
99.75,15.40500000026077,6.8299999996088445,8.024999999906868
63.455000000074506,28.915000000037253,6.919999999925494,6.359999999869615
68.35499999998137,14.205000000074506,7.224999999627471,5.830000000074506
33.77000000001863,20.830000000074506,6.9249999998137355,7.439999999944121
65.18999999994412,21.984999999869615,7.205000000074506,6.2999999998137355
66.40999999968335,83.44499999983236,7.260000000242144,6.319999999832362
103.09000000031665,14.279999999795109,7.100000000093132,7.009999999776483
34.705000000074506,27.87999999988824,7.205000000074506,7.324999999720603
62.38499999977648,13.049999999813735,7.699999999720603,6.03000000026077
33.25,24.100000000093132,7.40500000026077,6.8549999999813735
66.75,14.165000000037253,11.169999999925494,7.524999999906868
82.83499999996275,87.32500000018626,11.584999999962747,7.359999999869615
121.89000000013039,32.79000000003725,7.8250000001862645,7.989999999757856
62.3249999997206,27.37000000011176,7.334999999962747,5.404999999795109
67.89000000013039,24.555000000167638,8.384999999776483,5.740000000223517
81.20000000018626,13.365000000223517,7.600000000093132,6.544999999925494
50.30499999970198,89.10999999986961,7.4500000001862645,6.599999999627471
133.56499999994412,29.99500000011176,7.194999999832362,7.600000000093132
66.11500000022352,17.080000000074506,7.5200000000186265,11.759999999776483
67.2050000000745,28.37000000011176,7.044999999925494,7.239999999757856
83.1999999997206,15.114999999757856,7.350000000093132,8.014999999664724
66.40500000026077,26.709999999962747,7.28499999968335,7.679999999701977
54.75499999988824,83.64999999990687,7.375,7.225000000093132
144.99500000011176,32.424999999813735,10.850000000093132,6.760000000242144
83.93500000005588,29.43500000005588,10.614999999757856,6.6049999999813735
66.69499999983236,27.549999999813735,7.035000000149012,7.714999999850988
66.20999999996275,13.540000000037253,6.899999999906868,6.120000000111759
50.03000000026077,25.37999999988824,7.064999999944121,7.794999999925494
53.45999999996275,23.165000000037253,7,6.194999999832362
64.11499999975786,22.800000000279397,7.6749999998137355,6.785000000149012
65.57000000029802,79.27499999990687,6.935000000055879,7.6749999998137355
100.50999999977648,29.180000000167638,7,6.8950000000186265
66.70999999996275,15.455000000074506,6.865000000223517,8.609999999869615
37.49000000022352,25.52999999979511,6.735000000335276,7.160000000149012
62.19499999983236,24.93500000005588,6.714999999850988,8.705000000074506
68.22999999998137,25.989999999757856,7.209999999962747,7.015000000130385
65.17499999981374,20.59000000031665,6.914999999571592,6.384999999776483
83.36500000022352,23.009999999776483,7.225000000093132,7.990000000223517
51.700000000186265,20.34500000020489,6.7999999998137355,7.509999999776483
64.7949999999255,19.084999999962747,6.995000000111759,6.339999999850988
39.5,20.645000000018626,6.830000000074506,7.779999999795109
77.35000000009313,11.615000000223517,6.689999999944121,6.744999999646097
54.16499999957159,17.34000000031665,7.080000000074506,5.259999999776483
62.5,11.81000000005588,6.65999999968335,6.439999999944121
37.890000000130385,16.43999999994412,7.260000000242144,6.195000000298023
78.81000000005588,67.93999999994412,7.279999999795109,9.700000000186265
116.28500000014901,21.565000000409782,7.169999999925494,6.889999999664724
83.125,17.09000000031665,7.334999999962747,9.129999999888241
54.31999999983236,54.169999999925494,7.2299999999813735,6.7299999999813735
96.08499999996275,16.044999999925494,7.34000000031665,7.640000000130385
37.4250000002794,23.149999999906868,6.820000000298023,6.734999999869615
79.34499999973923,21.31000000005588,7.4249999998137355,6.5
66.26500000013039,14.294999999925494,10.795000000391155,7.0499999998137355
53.43999999994412,72.85999999986961,10.645000000018626,7.245000000111759
100.49500000011176,40.93999999994412,9.459999999962747,11.18500000005588
69.33499999996275,14.724999999627471,7.260000000242144,7.245000000111759
60.27499999990687,13.084999999962747,7.524999999906868,7.630000000353903
34.700000000186265,22.229999999981374,7.264999999664724,7.3549999999813735
82.23499999986961,78.69000000040978,7.214999999850988,6.464999999850988
116.66500000003725,18.819999999832362,8.270000000018626,7.53000000026077
66.69499999983236,29.72000000020489,7.5750000001862645,6.415000000037253
66.4199999999255,25.075000000186265,7.439999999944121,6.574999999720603
67.91500000003725,68.70999999996275,7.875,7.194999999832362
99.02000000001863,20.984999999869615,7.955000000074506,6.485000000335276
66.30500000016764,22.40500000026077,7.555000000167638,6.444999999832362