totalTime,slamTime,networkTime,renderTime,segmentationTime
51.42999999993481,106.60513600008562,156.48986399988644,1.4050000000279397,11.354999999981374
299.42500000004657,10.612497000023723,18.402502999873832,0.8300000000745058,7.190000000176951
66.71499999985099,6.081204000161961,22.648795999819413,0.7700000000186265,9.264999999897555
66.99500000011176,4.169678999809548,18.270321000134572,0.31000000005587935,8.050000000046566
32.955000000074506,4.415196999907494,16.984802999999374,0.34000000008381903,7.1749999998137355
33.37999999988824,5.638920000055805,19.351079999934882,0.2900000000372529,7.504999999888241
33.18999999994412,6.059879999840632,22.440120000159368,0.7600000000093132,8.68500000005588
66.7750000001397,6.38068599998951,26.969314000103623,0.2900000000372529,7.524999999906868
66.72999999998137,6.51495199999772,27.755048000020906,0.3049999999348074,6.425000000046566
66.68500000005588,6.477039000019431,33.52796099986881,0.31000000005587935,7.2299999999813735
66.69999999995343,6.682612000033259,25.042388000059873,0.7550000001210719,6.890000000130385
66.86499999999069,8.85127400001511,24.438726000022143,0.4249999998137355,10.770000000018626
83.40999999991618,6.6324969998095185,22.80250300024636,0.43500000005587935,11.829999999841675
49.59000000008382,7.015517000108957,23.94448299985379,0.42000000015832484,12.820000000065193
67.2249999998603,6.225525999907404,24.374474000185728,0.4699999999720603,11.234999999869615
66.93000000016764,6.722164000151679,23.627835999941453,0.2900000000372529,9.125
65.71499999985099,2.9038799998816103,17.97612000023946,0.32499999995343387,6.670000000158325
33.31500000017695,2.8816350002307445,17.433364999946207,0.2949999999254942,6.925000000046566
33.704999999841675,2.8504949999041855,17.22450500004925,0.3049999999348074,6.975000000093132
32.80500000016764,6.146250999998301,19.75874900002964,0.2600000000093132,6.944999999832362
50.25499999988824,7.657279999926686,23.697720000054687,0.7399999999906868,8.820000000065193
49.919999999925494,6.728620999958366,24.771379000041634,0.7000000001862645,8.604999999981374
67.39500000001863,6.099562000017613,22.620437999954447,0.5649999999441206,8.81000000005588
66.16000000014901,6.073502999963239,22.286497000139207,0.47500000009313226,6.539999999804422
66.53499999991618,6.982158999890089,24.307841000147164,0.2900000000372529,6.629999999888241
83.44500000006519,8.268365999916568,23.66163400001824,0.33500000019557774,7.385000000009313
50.199999999953434,6.16054300009273,29.59445699979551,0.43000000016763806,6.6049999999813735
83.41500000003725,6.078649000031874,24.636351000051945,0.6650000000372529,11.330000000074506
50.824999999953434,6.1782339999917895,23.886766000185162,0.27999999979510903,10.275000000139698
66.02000000001863,6.816959000192583,23.60304099973291,0.29500000015832484,8.09499999997206
66,6.10485600004904,23.480143999913707,0.715000000083819,8.305000000167638
66.77000000001863,6.131954999873415,24.243045000126585,0.38000000012107193,7.179999999934807
67.02499999990687,7.235237000044435,23.329763000132516,0.2999999998137355,8.349999999860302
66.18500000005588,4.411294999998063,20.44370499998331,0.3300000000745058,7.024999999906868
33.669999999925494,4.370395000092685,23.294604999944568,0.7700000000186265,8.369999999878928
66.31500000017695,6.685870999936014,25.369128999998793,0.3850000000093132,6.929999999934807
66.99499999987893,7.019624999957159,23.41537500009872,0.7600000000093132,7.179999999934807
66.18500000005588,6.110000999877229,23.504999000113457,0.3899999998975545,6.665000000037253
66.78499999991618,6.10080899996683,24.419190999818966,0.5550000001676381,7.399999999906868
67.47999999998137,6.152466000057757,23.282533999998122,0.31499999994412065,8.895000000018626
66.42000000015832,6.076279999921098,23.82872000010684,0.8150000001769513,7.3950000000186265
66.18499999982305,6.140465999953449,23.534534000093117,0.3300000000745058,8.020000000018626
83.14000000013039,6.1644180000294,24.015582000138238,0.654999999795109,7.4799999999813735
50.14999999990687,7.396174999885261,26.25882500014268,0.3399999998509884,7.684999999823049
67.01500000013039,6.101649000076577,23.153351000044495,0.6699999999254942,10.974999999860302
66.53999999980442,6.184987999964505,25.320011999923736,0.3600000001024455,12.445000000065193
67.2050000000745,123.3620289999526,24.7879710001871,4.510000000009313,10.994999999878928
166.4199999999255,36.4351729999762,22.88982699997723,25.334999999962747,11.705000000074506
99.56500000017695,15.965656999964267,17.46434300020337,0.8300000000745058,9.304999999934807
67.4749999998603,25.389745000051335,21.40025499998592,1.3299999998416752,15.570000000065193
66.36499999999069,18.113790000090376,19.866209999890998,1.8300000000745058,11.565000000176951
66.22500000009313,80.90849499986507,23.566505000228062,2.355000000214204,14.260000000009313
133.8649999999907,22.753060000017285,22.711939999833703,0.8950000000186265,9.705000000074506
83,23.76805300009437,22.596946999896318,2.0249999999068677,7.385000000009313
83.4550000000745,25.009078999981284,23.080921000102535,2.1899999999441206,7.15500000002794
66.28999999980442,27.540174999972805,22.779824999859557,0.8549999999813735,7.345000000204891
67.07500000018626,58.152269000187516,24.14273099997081,1.2599999997764826,11.485000000102445
99.72999999998137,24.111201000167057,22.00379899982363,3.1950000000651926,12.329999999841675
66.40999999991618,27.246167999925092,23.718832000158727,2.8849999997764826,10.804999999934807
67.34000000008382,32.948405999923125,23.466593999881297,1.4400000001769513,10.790000000037253
99.69499999983236,31.14193299994804,23.1380670000799,1.819999999832362,10.775000000139698
117.11500000022352,91.13811099994928,22.466889000032097,1.3000000000465661,9.145000000018626
149.27499999990687,30.932797000044957,17.142202999908477,1.9499999999534339,6.699999999953434
67.04000000003725,32.620811000000685,20.04918900015764,1.2149999998509884,8.454999999841675
66.84499999997206,33.214893999975175,22.200105999829248,1.040000000037253,8.215000000083819
65.94999999995343,18.43692500004545,21.978074999758974,1.7399999999906868,8.625
66.49500000011176,20.31721799983643,17.767782000126317,1.5300000000279397,6.599999999860302
67.27999999979511,45.38831799989566,21.89668200025335,1.3149999999441206,7.195000000065193
99.93000000016764,39.5994649999775,22.52053500013426,2.084999999962747,7.310000000055879
99.85499999998137,31.560230999952182,23.309768999926746,2.9000000001396984,11.010000000009313
100.3300000000745,66.31620200001635,22.063798000104725,1.3300000000745058,9.229999999981374
99.30499999993481,42.40567100001499,22.479328999994323,1.4199999999254942,8.804999999934807
100.07499999995343,39.275046000024304,22.939954000059515,2.790000000037253,7.135000000009313
100.23999999999069,41.09256500005722,22.38243499980308,3.1350000000093132,7.169999999925494
99.87000000011176,41.655520000029355,23.534480000147596,3.1350000000093132,10.300000000046566
100.36999999987893,37.07000200008042,24.109998000087216,2.994999999878928,11.904999999795109
99.87000000011176,19.413725999882445,24.176274000201374,3.7850000001490116,11.255000000121072
83.74499999987893,41.244330999907106,22.955669000046328,1.4499999999534339,10.239999999990687
83.10499999998137,41.14409099984914,23.10590900015086,2.1849999998230487,8.360000000102445
99.53000000002794,55.64207999990322,22.82291999994777,2.2250000000931323,7.46999999997206
100.68500000005588,45.078922000015154,22.21607799991034,1.8150000001769513,8.300000000046566
116.27499999990687,40.22382299997844,22.076177000068128,2.6799999999348074,6.584999999962747
83.04500000015832,18.60886999987997,19.481130000203848,1.9950000001117587,7.914999999804422
66.90499999979511,34.130686999997124,20.299313000170514,3.949999999953434,7.150000000139698
67.21000000019558,34.159226999850944,19.775773000204936,1.3600000001024455,9.084999999962747
65.80999999982305,68.93495199992321,20.115048000123352,1.665000000037253,7.455000000074506
100.23999999999069,44.177456999896094,19.912542999954894,1.5899999998509884,8.565000000176951
100.18000000016764,35.91793500003405,20.502064999891445,2.090000000083819,7.294999999925494
66.17499999981374,36.05088400002569,20.57411599997431,1.75,7.515000000130385
67.1500000001397,34.36333699990064,20.221663000062108,1.540000000037253,8.455000000074506
66.94500000006519,34.97993899998255,20.225061000091955,2,8.294999999925494
65.83999999985099,15.601184000028297,20.10881599993445,1.7800000000279397,7.525000000139698
66.95999999996275,46.08016699994914,20.74483300000429,1.625,7.244999999878928
100.07500000018626,36.17339299991727,21.146607000147924,4.539999999804422,9.169999999925494
99.77000000001863,110.40579800005071,22.419202000135556,5.414999999804422,11.409999999916181
167.57999999984168,15.853685999987647,20.39131399989128,1.9100000001490116,8.494999999878928
65.55499999993481,44.56624999991618,20.53374999994412,2.294999999925494,6.6450000000186265
100.51000000000931,17.017630000133067,20.392370000015944,1.784999999916181,7.109999999869615
66.29500000015832,53.78089199983515,20.569108000257984,3.329999999841675,7.010000000009313
117.38500000000931,17.074920000042766,20.3250799998641,1.6600000001490116,9.40500000002794
49.925000000046566,22.021847000112757,22.173152999952435,3.170000000158325,8.554999999934807
82.8499999998603,63.50956599996425,20.155434000073,1.6999999999534339,6.689999999944121
117.05499999993481,31.733260000124574,20.50173999997787,1.8300000000745058,7.234999999869615
66.74500000011176,32.5108449999243,20.52915500011295,3.284999999916181,7.175000000046566
66.21999999997206,17.258366000140086,20.436633999925107,2,10.424999999813735
66.46999999997206,113.68987200013362,20.455127999885008,2.324999999953434,7.329999999841675
166.91500000003725,30.83004100015387,19.28995899995789,2.6850000000558794,7.534999999916181
67.06000000005588,14.952049999963492,19.55795000004582,1.5499999998137355,9.140000000130385
66.10999999986961,19.297345000086352,18.217654999811202,1.8000000000465661,8.570000000065193
66.88000000012107,50.94754400011152,18.412455999990925,1.8900000001303852,6.53000000002794
117.15999999991618,34.2095510000363,19.905449000187218,2.079999999841675,8.159999999916181
83.09499999997206,38.141429000068456,18.423570999875665,2.324999999953434,9.385000000009313
100.06500000017695,35.215841999975964,18.694157999940217,1.8399999998509884,7.90500000002794
66.0999999998603,35.051917999982834,18.96308199991472,1.959999999962747,6.685000000055879
67.15500000002794,33.04639599984512,20.433604000369087,1.6299999998882413,8.514999999897555
66.06499999994412,18.791808999842033,19.478191000176594,1.6699999999254942,7.6399999998975545
67.43500000005588,20.42022500000894,18.849775000009686,1.8649999999906868,7.320000000065193
66.2050000000745,34.44668900012039,18.593310999916866,2.2800000000279397,6.620000000111759
66.69999999995343,18.490869999863207,18.744130000239238,1.6050000002142042,8.609999999869615
66.47999999998137,22.43012099992484,18.584879000205547,2.8950000000186265,8.459999999962747
83.17999999993481,37.33064500009641,18.789355000015348,2.034999999916181,7.754999999888241
83.35000000009313,110.25780600006692,20.1821939998772,3.705000000074506,9.104999999981374
183.6799999999348,23.02321600005962,20.281783999875188,3.834999999962747,12.364999999990687
83.2949999999255,13.485850000055507,19.729150000028312,1.869999999878928,10.375
66.34000000008382,34.87360299983993,18.34639700036496,1.790000000037253,6.664999999804422
67.0800000000745,31.35588499996811,18.83911500009708,2.584999999962747,7.015000000130385
66.26000000000931,31.74432500009425,19.830674999859184,2.890000000130385,7.569999999832362
66.55499999993481,30.20932499994524,19.450675000203773,3.050000000046566,7.25
67.66500000003725,19.111782000167295,19.46821799967438,1.7750000001396984,8.794999999925494
82.75,34.77830999996513,19.41168999997899,1.9400000001769513,7.169999999925494
83.13500000000931,23.860116999829188,19.44988300022669,2.125,6.370000000111759
67.28000000002794,109.80982199986465,19.63517799996771,3.454999999841675,7.040000000037253
182.81499999994412,15.12514099990949,26.33985900017433,3.234999999869615,12.035000000149012
83.7050000000745,48.57679500011727,19.978204999817535,1.7699999997857958,10.584999999962747
99.77999999979511,20.512747999979183,24.552251999964938,1.9050000000279397,8.46999999997206
83.22500000009313,50.558289000066,19.65171099989675,2.455000000074506,8.955000000074506
100.40500000002794,102.75098800007254,20.289011999964714,3.9350000000558794,7.185000000055879
166.16500000003725,38.53099699993618,20.634003000101075,3.175000000046566,12.399999999906868
83.46999999997206,42.5288040000014,18.871195999905467,2.4899999999906868,9.81000000005588
100.39999999990687,42.77935999981128,19.87064000032842,2.3649999999906868,7.9799999999813735
116.20000000018626,40.53637499990873,18.33862500009127,2.034999999916181,7.2999999998137355
100,16.32080699992366,19.104192999890074,1.7600000000093132,7.6049999999813735
50.23999999999069,44.57874200004153,19.756258000154048,1.619999999878928,8.539999999804422
100.28499999991618,42.71892000013031,20.106079999823123,1.7199999999720603,7.824999999953434
99.34499999997206,42.732800000114366,19.66219999990426,2.574999999953434,8.909999999916181
117.43999999994412,17.29028300009668,20.634716999949887,1.6350000000093132,8.679999999934807
48.88000000012107,19.761047000065446,18.903952999971807,1.4849999998696148,8.729999999981374
66.70499999984168,46.218406999949366,18.86659300001338,2.5149999998975545,6.609999999869615
100.0800000000745,42.234347000019625,20.52565299998969,2.2350000001024455,6.635000000009313
116.68500000005588,39.11860099993646,21.721399000147358,3.294999999925494,10.71999999997206
100.40999999991618,40.74265099992044,19.712349000154063,2.1899999999441206,9.089999999850988
83.16000000014901,74.83389699994586,20.11610300000757,2.5250000001396984,8.574999999953434
133.2799999997951,39.92347600008361,19.76152399997227,2.034999999916181,6.650000000139698
117.17500000004657,39.7608290000353,26.939170999918133,5.034999999916181,6.6450000000186265
83.06500000017695,23.201024000067264,19.15897600003518,2.324999999953434,10.489999999990687
66.50999999977648,39.370642999885604,21.20935699995607,2.834999999962747,8.740000000223517
99.7300000002142,16.857019999995828,20.027980000013486,1.5949999999720603,6.739999999990687
67.09499999997206,51.14091599988751,19.104083999991417,1.875,6.650000000139698
99.75,95.39245300018229,21.452546999789774,3.715000000083819,6.78000000002794
134.0100000000093,42.635280000045896,19.37972000008449,1.7649999998975545,9.934999999823049
116.00499999988824,15.71163300005719,19.94836700009182,2.069999999832362,7.34499999997206
49.79000000003725,18.194783000042662,18.87021699990146,1.8549999999813735,7.564999999944121
67.46500000008382,16.807755999965593,19.447243999922648,1.9249999998137355,8.59499999997206
65.95999999996275,25.02966000000015,22.06034000008367,2.930000000167638,10.364999999990687
83.96999999997206,26.796008999925107,19.248991000000387,1.665000000037253,9.085000000195578
82.70999999996275,71.80035099992529,19.86964900000021,2.3999999999068677,6.599999999860302
133.13000000012107,95.70498399995267,20.855015999870375,4.525000000139698,7.334999999962747
133.82499999995343,34.5906660000328,21.104334000032395,1.915000000037253,8.979999999981374
66.81999999983236,34.67358800000511,20.82641199999489,1.8850000000093132,7.285000000149012
66.11000000010245,32.52222799998708,20.777771999826655,1.6550000000279397,7.105000000214204
66.53000000002794,40.296981000108644,23.018018999835476,2.334999999962747,7.005000000121072
100.63999999989755,33.169296000152826,28.430703999940306,3.7800000000279397,10.5
100.05500000016764,15.90714000002481,21.227859999984503,3.409999999916181,11.050000000046566
66.73999999999069,18.688765000086278,25.416234999895096,2.9850000001024455,10.09499999997206
66.77000000001863,20.968469999963418,22.326529999962077,2.659999999916181,9.579999999841675
65.9749999998603,40.41611500014551,24.658884999807924,2.7600000000093132,6.715000000083819
116.50500000012107,103.58156799990684,21.28343200008385,5.715000000083819,7.2299999999813735
150.53499999991618,23.07550400006585,26.584496000083163,4.3600000001024455,7.2649999998975545
66.88500000000931,23.55487099988386,24.365129000041634,2.0700000000651926,9.095000000204891
83.05000000004657,18.56655399990268,23.288446000078693,1.9749999998603016,7.135000000009313
83.13500000000931,39.84668600000441,23.568314000032842,2.819999999832362,6.454999999841675
99.72999999998137,35.65538400015794,23.93461599992588,3.769999999785796,6.84499999997206
100.25499999988824,39.98922000010498,29.325779999839142,4.415000000037253,10.75
99.88000000012107,33.68950299988501,32.095497000264004,3.3649999999906868,7.7299999999813735
117.51000000000931,20.26005099993199,23.784949000226334,1.9649999998509884,9.304999999934807
82.89500000001863,22.25893500004895,25.286064999876544,2.515000000130385,7.1450000000186265
66.64500000001863,27.97928800014779,22.620711999712512,1.8549999999813735,8.694999999832362
66.44499999983236,41.68981499993242,22.960184999974445,1.8850000000093132,8.81499999994412
99.72500000009313,30.14217899995856,20.647821000078693,1.9299999999348074,6.560000000055879
83.875,35.06720499997027,21.697794999927282,2.1149999999906868,7.035000000149012
82.85999999986961,36.320971000008285,23.054028999991715,3.545000000158325,7.054999999934807
100.45000000018626,43.17496599978767,24.635034000268206,3.544999999925494,10.084999999962747
99.76499999989755,34.865030999993905,21.02496900013648,2.659999999916181,11.084999999962747
100.22999999998137,96.88324200012721,23.761757999891415,4.234999999869615,11.169999999925494
166.50500000012107,36.209967999951914,28.93003199994564,4.005000000121072,10.849999999860302
99.68999999994412,24.58627300010994,22.658727000001818,2.7549999998882413,10
66.625,28.77960200002417,19.22039799997583,2.0949999999720603,10.084999999962747
66.60999999986961,27.984142999863252,19.225857000099495,2.090000000083819,7.085000000195578
66.84500000020489,32.295017999829724,20.15498200012371,1.9550000000745058,7.569999999832362
66.45999999996275,47.19954900001176,19.70045100012794,3.199999999953434,7.375
117.33999999985099,24.49265299993567,23.92234700010158,3.6350000000093132,10.770000000018626
83.23500000010245,25.815039000008255,19.739960999926552,3.9750000000931323,10.820000000065193
66.75499999988824,19.773124000057578,19.961876000044867,2.5600000000558794,9.774999999906868
66.55000000004657,45.121367999818176,19.888632000191137,2.044999999925494,8.665000000037253
99.54500000015832,42.742305000079796,19.727694999892265,3.0600000000558794,6.939999999944121
116.76499999989755,24.582250999985263,25.902749000117183,3.169999999925494,9.705000000074506
84.06000000005588,94.77461399999447,20.115385999903083,2.1900000001769513,8.580000000074506
149.45499999984168,45.319008000195026,22.785991999786347,2.5,7.040000000037253
83.07500000018626,25.692010999890044,19.582989000249654,3.3149999999441206,8.829999999841675
66.90999999991618,25.86131399986334,19.878686000360176,3.215000000083819,7.4850000001024455
66.36999999987893,19.56362899998203,19.72137099993415,2.3850000000093132,7.720000000204891
67.31500000017695,30.52369900001213,22.94130100007169,2.419999999925494,6.569999999832362
65.89500000001863,37.07345600007102,30.401543999789283,3.6000000000931323,7.685000000055879
100.0999999998603,29.51276999991387,21.067229999927804,3.6149999999906868,8.495000000111759
66.9550000000745,22.46542100002989,20.959579000016674,2.8499999998603016,9.609999999869615
66.32499999995343,36.381205999990925,20.873794000130147,2.209999999962747,6.790000000037253
66.45999999996275,49.201088999863714,20.868910999968648,2.2850000001490116,7.185000000055879
100.56500000017695,95.10428299987689,24.400717000011355,3.25,7.459999999962747
133.60999999986961,22.810282999882475,22.529717000201344,2.6649999998044223,9.300000000046566
66.07000000006519,12.74307500012219,19.836924999719486,1.930000000167638,7.050000000046566
67.23999999999069,22.859698000131175,23.415301999775693,2.994999999878928,8.645000000018626
66.33999999985099,18.618169999914244,20.08183000003919,2.2999999998137355,7.785000000149012
83.34000000008382,32.808447000104934,21.746553000062704,4.8549999999813735,8.574999999953434
83.26000000000931,31.981222999980673,21.7737770001404,4.1450000000186265,9.81499999994412
100.17500000004657,49.33081400021911,32.2491859998554,5.364999999990687,9.994999999878928
116.46999999997206,94.7544990000315,22.420501000015065,3.925000000046566,8.505000000121072
150.57499999995343,25.066958000184968,20.64304199977778,2.205000000074506,8.995000000111759
66.17999999993481,40.28424399998039,19.320756000000983,2.584999999962747,7.6450000000186265
99.57500000018626,25.619786999886855,21.880213000113145,3.244999999878928,6.375
66.61499999999069,16.154063999885693,23.130936000030488,2.3799999998882413,8.129999999888241
66.89999999990687,29.2995379997883,20.98546200012788,3.765000000130385,8.770000000018626
66.9000000001397,19.156629000091925,19.338370999787003,2.875,9.590000000083819
82.95999999996275,33.86473900009878,19.670261000050232,2.1850000000558794,6.944999999832362
83.51499999989755,24.36613900004886,22.213860999792814,3,6.725000000093132
66.75500000012107,45.03704499988817,21.007955000037327,3.050000000046566,8.744999999878928
99.74499999987893,18.44108900008723,20.168910999782383,2.255000000121072,6.614999999990687
66.89000000013039,33.06266600009985,19.88733399985358,2.4350000000558794,6.425000000046566
66.30499999993481,33.25867600017227,21.02632399974391,3.9750000000931323,7.564999999944121
67.4550000000745,32.04043500008993,21.20456500002183,2.675000000046566,9.574999999953434
83.27499999990687,94.11698599997908,21.173014000058174,2.7250000000931323,6.6100000001024455
149.60999999986961,23.544512999942526,23.685487000038847,2.5899999998509884,6.850000000093132
67.24500000011176,32.682658000150695,19.007341999793425,2.2549999998882413,9.320000000065193
65.67500000004657,17.828014000086114,19.391985999885947,2.2350000001024455,7.609999999869615
66.90500000002794,47.27745399996638,19.472546000033617,2.1950000000651926,8.684999999823049
100.69999999995343,29.450900999829173,20.46409899997525,4.010000000009313,7.074999999953434
66.57499999995343,35.59943099995144,20.23556900001131,3.5200000000186265,9.010000000009313
99.2050000000745,30.62783100013621,19.62716899998486,2.3850000000093132,6.734999999869615
66.83999999985099,102.73297700006515,20.402022999944165,2.665000000037253,7.080000000074506
133.3850000000093,24.068152000196278,20.106847999850288,3.380000000121072,9.875
66.91500000003725,22.59577100002207,19.21422899980098,3.550000000046566,6.635000000009313
66.48999999999069,24.570228000171483,21.054771999828517,2.8549999999813735,8.669999999925494
66.61499999999069,15.675304000033066,21.00469599990174,2.3850000000093132,7.28000000002794
67.26500000013039,26.720924000022933,19.764075999846682,2.334999999962747,8.910000000149012
66.15999999991618,16.825022999895737,19.559977000113577,2.2800000000279397,6.339999999850988
66.90999999991618,101.64226899994537,21.982731000054628,4.1399999998975545,5.685000000055879
183.535000000149,15.964267999865115,20.625732000218704,4.654999999795109,11.090000000083819
82.86999999987893,29.150424000108615,24.689575999975204,4.114999999990687,10.18999999994412
100.09000000008382,19.10679499991238,23.418204999994487,3.7749999999068677,13.035000000149012
66.68500000005588,33.058993000071496,20.066006999928504,2.1000000000931323,9.790000000037253
66.44999999995343,110.62544399988838,22.964555999962613,2.4350000000558794,6.800000000046566
166.8049999999348,12.392170999897644,19.197828999953344,2.4299999999348074,6.8549999999813735
66.92000000015832,26.870021000038832,25.19997900002636,4.204999999841675,11.414999999804422
99.90499999979511,28.315300000132993,23.584700000006706,3.169999999925494,11.555000000167638
66.97500000009313,26.11300399992615,19.461996000027284,1.9799999999813735,10.590000000083819
65.98999999999069,78.25206400011666,22.66293599992059,2.0999999998603016,6.754999999888241
150.47999999998137,13.89045299985446,26.719547000015154,2.3200000000651926,7.114999999990687
82.9550000000745,36.76285400008783,19.252145999809727,2.4450000000651926,10.180000000167638
116.72999999998137,16.78595000016503,22.924049999797717,2.1299999998882413,7.5149999998975545
49.68500000005588,19.311287000076845,20.148713000118732,1.9199999999254942,7.164999999804422
66.63999999989755,21.20607900014147,20.08392099989578,2.550000000046566,8.664999999804422
83.70999999996275,41.95389000000432,22.806110000004992,3.9450000000651926,10.945000000065193
83.29500000015832,34.13506800006144,20.599932000041008,3.880000000121072,11.199999999953434
116.71499999985099,102.85381400003098,24.651186000090092,4.685000000055879,10.574999999953434
150.33499999996275,30.1219389999751,19.373060999903828,2.0549999999348074,9.210000000195578
66.25500000012107,28.304317999863997,20.295682000229135,2.165000000037253,6.859999999869615
66.48999999999069,30.826176000060514,19.49882399989292,2.090000000083819,6.96999999997206
66.78000000002794,46.60241899988614,21.282580999890342,2.3850000000093132,7.054999999934807
100.33499999996275,28.223421999951825,23.461578000104055,3.2700000000186265,10.970000000204891
83.23499999986961,16.626941999886185,20.47805800032802,4.135000000009313,10
83.30500000016764,40.984295999864116,24.515704000135884,4.28000000002794,14.290000000037253
99.86499999999069,15.944741999963298,25.775258000008762,4.0200000000186265,6.294999999925494
83.39999999990687,17.683816999895498,28.331183000002056,3.3650000002235174,9.03000000002794
83.60499999998137,115.16997400019318,29.4150260000024,4.054999999934807,14.590000000083819
166.73500000010245,12.868820999981835,23.516179000027478,2.1149999999906868,9.754999999888241
66.20999999996275,39.064756999956444,23.880242999875918,2.244999999878928,7.045000000158325
100.10000000009313,39.02041499991901,23.854585000080988,2.9950000001117587,6.630000000121072
99.76499999989755,19.147671999875456,30.892328000161797,3.6350000000093132,6.929999999934807
83.26499999989755,22.742243999848142,29.29275600006804,3.7749999999068677,12.71999999997206
83.78500000014901,43.63092700019479,30.844072999898344,3.5949999999720603,14.635000000009313
100.41500000003725,114.40037100017071,24.46462899981998,2.75,9.705000000074506
182.76499999989755,30.60972599987872,24.91527400026098,3.544999999925494,6.869999999878928
82.86000000010245,32.34214400011115,24.047855999786407,3.3149999999441206,6.875
67.11999999987893,45.79589299997315,26.964107000036165,4.695000000065193,9.354999999981374
100.04500000015832,32.69440299994312,30.09059700020589,4.069999999832362,11.425000000046566
99.93999999994412,33.32189500005916,27.79310499993153,5.169999999925494,14.040000000037253
100.08999999985099,16.179809000110254,29.70019100001082,3.834999999962747,12.660000000149012
66.96500000008382,27.775975999888033,24.304023999953642,2.5350000001490116,9.209999999962747
66.20999999996275,30.05220099980943,23.902799000032246,2.425000000046566,6.765000000130385
66.59499999997206,55.494286000030115,25.470713999820873,3.380000000121072,6.870000000111759
99.66500000003725,53.71884900005534,31.811150999972597,4.285000000149012,7.135000000009313
100.5250000001397,76.34139600000344,24.938603999791667,4.955000000074506,7.739999999990687
133.4049999997951,39.62131899991073,26.083680999930948,3.5650000001769513,9.425000000046566
100.09500000020489,25.11012399988249,31.694876000052318,4.234999999869615,13.84499999997206
99.97999999998137,100.46150700002909,29.21349300001748,4.160000000149012,14.309999999823049
166.73499999986961,13.018264000071213,24.226735999807715,4.179999999934807,9.975000000093132
83.5800000000745,24.95868599996902,23.73131400020793,4.554999999934807,10.604999999981374
82.65500000002794,39.64974500006065,36.09025499993004,4.959999999962747,13.524999999906868
99.94999999995343,37.81134799984284,25.048652000026777,5.800000000046566,9.635000000009313
100.75,108.82121299998835,32.86878699995577,5.455000000074506,13.800000000046566
166.4899999999907,13.254220999777317,22.780779000138864,4.1399999998975545,9.419999999925494
65.98500000010245,28.870251999935135,24.354748000157997,3.005000000121072,8.43999999994412
67.0999999998603,16.150306000141427,22.96469400008209,3.1149999999906868,7.169999999925494
66.1699999999255,27.33942799991928,22.935572000220418,3.3500000000931323,8.364999999990687
67.13000000012107,28.56295799999498,23.727042000042275,5.494999999878928,6.900000000139698
66.21500000008382,29.88966099987738,25.180339000187814,6.390000000130385,8.794999999925494
100.36999999987893,118.7260519999545,26.29394800006412,6.419999999925494,9.96999999997206
166.72999999998137,23.252292999997735,28.662707000039518,5.755000000121072,11.59499999997206
99.56499999994412,29.38307400001213,25.52192600001581,5.8950000000186265,9.460000000195578
117.125,23.730970999924466,23.9190289999824,5.429999999934807,10.975000000093132
83.25500000012107,126.64096200000495,27.899038000032306,7.164999999804422,11.919999999925494
199.75499999988824,15.411109000211582,24.958890999667346,6.380000000121072,8.215000000083819
66.65500000002794,26.936160000041127,32.65883999993093,5.195000000065193,12.475000000093132
100.08499999996275,35.229703000048175,27.740296999923885,7.0200000000186265,12.074999999953434
100.1050000002142,19.521459000185132,27.783540999749675,5.0200000000186265,11.945000000065193
66.625,103.76408999995328,26.15590999997221,6.03000000002794,9.46999999997206
166.69499999983236,23.749160999897867,24.49083900032565,5.5200000000186265,9.554999999934807
66.94500000006519,18.711382000008598,25.31861800001934,4.679999999934807,9.840000000083819
66.05499999993481,43.896726000122726,23.328273999737576,3.6149999999906868,6.890000000130385
100.51500000013039,115.32929000002332,23.410709999967366,8.31000000005588,6.435000000055879
182.94999999995343,23.4391230000183,24.225877000018954,7.850000000093132,10.489999999990687
84.30000000004657,111.45993099990301,31.28506900020875,7.839999999850988,12.669999999925494
165.56999999983236,13.272998000029474,25.292002000147477,4.414999999804422,10.395000000018626
66.84000000008382,41.307089000009,23.172910999972373,3.669999999925494,6.294999999925494
99.94999999995343,113.22341600013897,23.8015839997679,6.234999999869615,8.804999999934807
184.06499999994412,18.090945000061765,27.35905499989167,5.975000000093132,9.56499999994412
99.09000000008382,104.598776999861,27.581223000306636,8.424999999813735,8.68500000005588
167.3300000000745,23.676823999965563,25.858175999950618,6.694999999832362,8.260000000009313
82.65500000002794,28.639864000026137,26.79013599990867,9.704999999841675,8.044999999925494
116.8499999998603,26.93602199992165,25.238978000124916,6.1049999999813735,10.084999999962747
83.81000000005588,23.0523979999125,28.057602000189945,6.455000000074506,13.149999999906868
116.66500000003725,127.83213800005615,35.517861999804154,6.060000000055879,10.489999999990687
183.3200000000652,18.074178999988362,24.15582099999301,7.4799999999813735,6.949999999953434
66.22999999998137,18.353524999925867,28.271475000074133,6.2000000001862645,10.43500000005588
83.53499999991618,41.911639999831095,25.50836000032723,5.59499999997206,8.674999999813735
83.22500000009313,25.829096999950707,24.525903000030667,5.965000000083819,8.830000000074506
83.32999999984168,123.98647499992512,26.808525000233203,5.4799999999813735,9.245000000111759
199.84499999997206,27.25161000015214,25.088389999931678,7.430000000167638,10.06000000005588
83.51500000013039,24.121555000077933,35.29344499995932,6.464999999850988,12.765000000130385
100.55499999993481,26.478021000046283,29.316979000112042,6.989999999990687,10.714999999850988
116.12000000011176,109.95391699997708,24.916083000134677,6.120000000111759,9.574999999953434
183.15999999991618,36.07423500018194,31.670764999696985,4.925000000046566,9.255000000121072
99.82000000006519,17.5716029999312,30.49839700013399,5.695000000065193,10.100000000093132
66.89500000001863,33.06661700014956,25.09338299999945,5.885000000009313,7.059999999823049
100.39500000001863,118.54515799996443,28.45484200003557,6.714999999850988,9.18999999994412
166.68499999982305,27.767110999906436,24.56288899993524,6.03000000002794,6.885000000009313
66.56000000005588,15.213134000077844,23.406865999801084,3.9299999999348074,9.965000000083819
83.26500000013039,14.11113699991256,23.29386299988255,3.669999999925494,6.489999999990687
50.05499999993481,20.700326999882236,25.619673000182956,3.9050000000279397,7.7649999998975545
66.48999999999069,33.976194999879226,23.563804999925196,4.294999999925494,8.815000000176951
99.38500000000931,115.77547900006175,24.094520999817178,4.385000000009313,6.5
167.43999999994412,23.64703099988401,25.26296900003217,7.034999999916181,7.074999999953434
66.68999999994412,34.20103600015864,29.808963999850675,7.774999999906868,11.165000000037253
116.20999999996275,101.09349999995902,29.07150000007823,7.3549999999813735,9.650000000139698
149.8300000000745,23.96777099999599,24.53222900000401,6.574999999953434,8.179999999934807
66.81499999994412,72.32127299997956,25.608727000188082,5.5,8.160000000149012
133.63000000012107,27.223745999857783,25.236254000104964,3.9950000001117587,9.330000000074506
66.2050000000745,33.55483800009824,32.26516199996695,4.584999999962747,8.404999999795109
100.23999999999069,113.91306699998677,24.52193299983628,6.909999999916181,8.975000000093132
166.5299999997951,12.601427999790758,25.533572000218555,5.525000000139698,6.4850000001024455
83.27000000001863,20.625287000089884,27.31971299997531,4.989999999990687,12.070000000065193
83.625,36.823502000188455,25.4414979997091,4.994999999878928,9.680000000167638
117.1500000001397,111.87753399997018,25.642466000048444,5.65500000002794,9.84499999997206
199.6350000000093,22.97197000007145,25.43302999995649,6.600000000093132,10.290000000037253
83.72999999998137,26.201139000011608,34.593860999913886,6.114999999990687,11.510000000009313
99.47999999998137,103.91309699998237,28.866903000045568,6.285000000149012,8.75
183.11999999987893,27.944243000121787,38.18075699987821,4.25,10.080000000074506
83.10000000009313,31.597659999970347,25.64234000002034,7.989999999990687,8.43500000005588
100.63000000012107,105.81943499995396,29.530565000139177,6.78000000002794,9.369999999878928
166.12999999988824,18.942725999979302,29.34227400016971,6.695000000065193,9.130000000121072
83.84499999997206,37.41815800010227,29.051841999869794,5.240000000223517,9.554999999934807
82.93500000005588,34.80509399995208,29.989905999973416,5.595000000204891,8.945000000065193
100.69999999995343,88.57009799988009,25.77990199998021,4.630000000121072,8.484999999869615
149.5100000000093,15.318178999936208,26.011821000138298,10.590000000083819,8.044999999925494
83.13999999989755,17.188210000051185,29.79678999981843,4.510000000009313,11.065000000176951
66.69000000017695,54.07980700000189,23.915193000109866,3.619999999878928,9.65500000002794
99.71999999997206,109.5756200000178,24.089380000019446,3.890000000130385,8.925000000046566
167.4450000000652,29.708279999904335,24.266720000188798,4.630000000121072,6.875
65.93999999994412,15.884870000183582,32.56512999976985,5.289999999804422,9.485000000102445
66.8499999998603,35.69564300007187,34.26935699977912,6.189999999944121,8.145000000018626
100.45000000018626,38.97919700015336,30.610802999930456,6.189999999944121,8.68500000005588
116.43499999982305,105.79369900003076,25.76130099990405,5.675000000046566,9.354999999981374
150.21500000008382,36.92726899986155,24.402730999980122,4.274999999906868,10.455000000074506
99.55000000004657,37.64930099993944,27.69569900003262,4.6399999998975545,6.5149999998975545
116.88500000000931,32.11871199985035,24.536288000177592,4.640000000130385,6.745000000111759
83.63999999989755,125.47450000001118,26.275499999988824,5.21999999997206,8.68999999994412
199.85000000009313,30.353685999987647,32.54631399991922,6.28000000002794,10.255000000121072
99.57499999995343,110.7812289998401,25.16877100011334,7.024999999906868,8.199999999953434
166.8300000000745,30.61014000000432,26.004859999986365,4.75,9.260000000009313
99.76000000000931,42.260776000097394,26.15422399993986,5.560000000055879,9.385000000009313
100.33999999985099,38.961470999987796,27.40352900000289,5.790000000037253,8.645000000018626
116.14500000001863,106.28147600009106,28.493523999815807,5.830000000074506,10.114999999990687
184.14000000013039,14.251856999937445,33.30314299999736,5.304999999934807,8.885000000009313
66.30499999993481,15.604909999994561,24.405090000014752,4.21999999997206,9.379999999888241
82.96999999997206,23.4386340000201,25.356365999905393,4.40500000002794,6.550000000046566
100.31000000005588,117.79315200005658,25.096848000073805,6.0200000000186265,6.46999999997206
183.59499999997206,25.094693999970332,25.56530599994585,5.03000000002794,8.994999999878928
66.27499999990687,16.519366999855265,30.75063300016336,3.4050000000279397,9.744999999878928
66.86000000010245,27.98806000011973,24.751939999870956,3.7549999998882413,7.050000000046566
67.01000000000931,32.2841990001034,25.415801000082865,4.189999999944121,7.099999999860302
99.94500000006519,104.02962099993601,28.085379000054672,4.78000000002794,6.580000000074506
166.3649999999907,23.01814500009641,26.881854999810457,6.055000000167638,8.434999999823049
66.99499999987893,40.382325999904424,30.052674000151455,7.949999999953434,10.414999999804422
115.87000000011176,112.02311399998143,26.51688600005582,6.09499999997206,8.979999999981374
183.69499999983236,23.349687000038102,31.94031299999915,4.640000000130385,7.864999999990687
116.59499999997206,91.18040700000711,39.72459300002083,6.445000000065193,10.135000000009313
149.7750000001397,14.463947999989614,37.88605199987069,6.379999999888241,7.800000000046566
100.38500000000931,16.43083700002171,32.58416299987584,3.7750000001396984,9.90500000002794
66.27499999990687,85.63011900009587,31.054880999727175,5.329999999841675,7.805000000167638
133.55500000016764,31.350915000075474,25.109085000120103,4.050000000046566,9.279999999795109
99.625,33.23702299990691,24.702977000037208,5.304999999934807,6.4799999999813735
117.25499999988824,102.45691399998032,31.31308600003831,4.359999999869615,6.585000000195578
150.21500000008382,23.886367000173777,24.833632999798283,3.3700000001117587,9.09499999997206
66.4749999998603,84.35230899997987,30.502691000001505,3.6899999999441206,7.275000000139698
133.25500000012107,17.702050999971107,31.887949000112712,3.6100000001024455,7.6049999999813735
66.21999999997206,36.631733999820426,28.968266000039876,4.244999999878928,7.370000000111759
116.85499999998137,105.14792999997735,31.892070000059903,4.824999999953434,10.425000000046566
183.375,13.612741000019014,34.80725900013931,4.65500000002794,8.265000000130385
66.92999999993481,105.76837800000794,30.386622000019997,3.829999999841675,9.099999999860302
183.4450000000652,23.474801999982446,27.435198000166565,4.369999999878928,9.419999999925494
83.23499999986961,108.57663700007834,38.46336299972609,5.78000000002794,13.100000000093132
166.4700000002049,29.653737999964505,35.971262000035495,5.690000000176951,9.694999999832362
100.21999999997206,15.045990000013262,34.20900999987498,4.974999999860302,7.8549999999813735
66.71499999985099,99.71554900007322,35.28945100004785,3.8549999999813735,7.28000000002794
166.1350000000093,36.437577000120655,33.437422999879345,4.435000000055879,7.314999999944121
100.88500000000931,85.23752900003456,33.00247099995613,3.8049999999348074,8.28000000002794
132.8649999999907,32.10593300010078,27.119066999992356,5.515000000130385,7.689999999944121
99.72999999998137,16.92674500006251,32.89325499976985,4.175000000046566,8.795000000158325
67.28000000002794,118.0307150001172,30.704284999985248,4.975000000093132,9.324999999953434
166.69000000017695,23.732003000099212,30.257996999891475,4.774999999906868,10
99.82499999995343,27.32653500000015,25.42346499999985,3.0999999998603016,6.375
82.70499999984168,20.224160999991,36.61583899985999,3.6149999999906868,6.7700000000186265
83.82500000018626,25.62454800005071,27.53045199997723,4.75,6.715000000083819
66.28499999991618,107.44699699990451,26.668003000086173,4.625,9.105000000214204
183.625,26.12427800009027,38.23072200012393,4.6399999998975545,10.114999999990687
83.55499999993481,12.34034900018014,26.06965099996887,3.459999999962747,9.205000000074506
66.18000000016764,14.031284999800846,25.743715000338852,3.5,8.549999999813735
83.38999999989755,18.70042599993758,30.01457400014624,3.369999999878928,6.545000000158325
99.71500000008382,96.86645400011912,29.233545999974012,6.544999999925494,7.040000000037253
167.3499999998603,12.83088400005363,35.494115999899805,5.15500000002794,8.604999999981374
82.93500000005588,90.86874399986118,39.67625600006431,5.375,13.534999999916181
166.35000000009313,15.7039479999803,27.536052000010386,5.580000000074506,7.224999999860302
83.52499999990687,91.77002199995331,27.30497800000012,3.6200000001117587,8.190000000176951
166.8200000000652,88.95734600001015,32.5026539999526,5.715000000083819,10.71999999997206
150.02499999990687,75.1510399999097,27.31396000017412,4.489999999990687,6.540000000037253
133.35499999998137,14.153913999907672,37.39108600001782,4.540000000037253,7.78000000002794
83.43500000005588,75.66145800007507,36.57354199979454,5.170000000158325,13.640000000130385
166.24499999987893,14.66749699995853,34.817502999911085,3.5600000000558794,9.795000000158325
100.06000000005588,39.26210099994205,27.76789900008589,4.129999999888241,9.050000000046566
83.60499999998137,94.11315299989656,26.196847000159323,3.894999999785796,9.875
166.39000000013039,16.236189999850467,26.00381000014022,4.290000000037253,6.385000000009313
83.64999999990687,13.213738000020385,26.281261999858543,5.044999999925494,6.640000000130385
100.05499999993481,110.90831599989906,28.65168399992399,6.09499999997206,9.565000000176951
199.85000000009313,84.6088560000062,29.20114400004968,4.984999999869615,9.925000000046566
166.65500000002794,14.796356000006199,32.713644000003114,5.40500000002794,8.81000000005588
83.07000000006519,106.72557300003245,31.519426999846473,7.885000000009313,10.31499999994412
166.72999999998137,12.148232999956235,22.816766999894753,4.8549999999813735,6.875
83.53499999991618,38.294126000022516,29.370873999781907,6.135000000009313,9.234999999869615
116.32499999995343,26.98600499983877,27.523994999937713,5.040000000037253,8.175000000046566
100.03000000002794,112.72933300002478,26.83566700015217,9.084999999962747,9.289999999804422
166.56000000005588,19.22885699989274,24.18114300025627,6.175000000046566,5.8899999998975545
83.4749999998603,20.414574000053108,28.680425999918953,4.949999999953434,8.580000000074506
83.25,16.81391299981624,32.06108700018376,5.8549999999813735,12.320000000065193
83.72000000020489,107.96750700008124,25.62749299989082,5.314999999944121,7.71999999997206
166.50499999988824,19.279873999999836,29.390125999925658,5.864999999990687,9.739999999990687
83.43500000005588,30.53435100009665,33.480649000033736,5.21999999997206,8.359999999869615
99.93500000005588,26.26913799997419,31.410862000193447,7.215000000083819,8.534999999916181
99.66499999980442,34.223504999885336,25.561495000030845,5.34499999997206,7.415000000037253
100.71500000008382,120.85497700003907,30.570022999774665,4.699999999953434,8.635000000009313
166.35499999998137,21.936498999828473,29.623501000227407,4.734999999869615,7.84499999997206
66.71999999997206,24.131234999978915,41.058765000198036,4.715000000083819,11.359999999869615
99.60499999998137,28.558744000038132,33.32625599997118,5.8549999999813735,12.445000000065193
116.70000000018626,106.4644519998692,42.25054800021462,7.129999999888241,9.604999999981374
183.6699999999255,16.6175519998651,33.02744800015353,6.175000000046566,7.84499999997206
66.21999999997206,37.43540000007488,31.87459999974817,4.839999999850988,8.84499999997206
100.1699999999255,35.219987999880686,29.36001200019382,5.290000000037253,12.239999999990687
100.2050000000745,104.95967999985442,30.700320000061765,5.1450000000186265,8.190000000176951
166.99500000011176,34.95306900003925,29.186930999858305,5.814999999944121,9.274999999906868
99.58499999996275,25.857388000003994,26.097612000070512,6.824999999953434,6.78000000002794
66.39500000001863,35.02629099995829,24.173708999995142,6.160000000149012,7.260000000009313
100.67999999993481,27.209127000067383,37.12087300000712,5.600000000093132,8.75
99.76499999989755,118.22561899991706,32.58438100013882,5.814999999944121,8.395000000018626
166.59499999997206,17.44521200004965,34.56478799995966,5.590000000083819,8.145000000018626
66.21000000019558,38.527393999975175,33.41760600009002,7.364999999990687,9.399999999906868
100.3499999998603,35.282746999990195,48.377252999925986,7.4799999999813735,13.069999999832362
133.3649999999907,125.95387199986726,40.971128000179306,9.984999999869615,8.06000000005588
216.71500000008382,23.715764000080526,41.96923599997535,6.409999999916181,7.875
83.55499999993481,15.707729999907315,36.17227000021376,6.534999999916181,7.254999999888241
83.47999999998137,125.59020800003782,33.41479200008325,7.434999999823049,7.364999999990687
182.41500000003725,20.383768999949098,26.771231000078842,5.040000000037253,9.830000000074506
66.64000000013039,35.525167000014335,31.354833000106737,5.034999999916181,6.839999999850988
116.92999999993481,28.701935000019148,41.09806500002742,5.659999999916181,6.935000000055879
83.06499999994412,112.87782400008291,27.042176000075415,5.7649999998975545,8.934999999823049
183.73500000010245,20.676508999895304,30.073491000104696,6.475000000093132,9.204999999841675
100.1699999999255,20.812657000031322,33.082342999987304,7.934999999823049,10.045000000158325
83.59499999997206,24.529564999975264,39.14543499983847,6.964999999850988,11.875
116.39500000001863,120.91709999996237,30.712899999925867,6.900000000139698,9.024999999906868
183.4199999999255,23.787325999932364,32.28767400002107,8.21999999997206,8.640000000130385
99.91000000014901,29.29941999982111,37.88558000023477,7.309999999823049,8.179999999934807
99.55999999982305,108.55751399998553,37.92248599999584,7.84499999997206,12.179999999934807
166.8649999999907,24.591990999877453,27.428009000141174,6.5,6.890000000130385
66.5,24.89570100000128,26.974299000110477,6.259999999776483,7.355000000214204
83.49500000011176,13.39457800006494,27.370421999832615,8.06499999994412,7.475000000093132
99.77499999990687,113.50537000014447,39.249629999743775,8.455000000074506,8.984999999869615
183.68000000016764,27.508518000133336,27.991481999866664,7.955000000074506,6.2700000000186265
116.40999999991618,31.419474000111222,40.21052599977702,7.6100000001024455,10.120000000111759
117.2050000000745,61.83856200007722,37.31643799995072,8.679999999934807,9.100000000093132
132.56499999994412,112.55406700004824,29.375932999886572,12.449999999953434,6.5149999998975545
166.81499999994412,23.467583999969065,43.42741600004956,7.425000000046566,7.875
116.88000000012107,16.000732999993488,35.22426699986681,10.175000000046566,9.885000000009313
83.6699999999255,130.53056299989112,39.879437000025064,7.080000000074506,5.945000000065193
200.1149999999907,14.09519000002183,35.78980999998748,7.21999999997206,8.145000000018626
65.69999999995343,36.67161399987526,33.93838600022718,9.494999999878928,9.06000000005588
100.55499999993481,108.79300800012425,26.951991999987513,10.265000000130385,5.90500000002794
166.47500000009313,26.458228999981657,26.756771000102162,8.954999999841675,6.350000000093132
100.42999999993481,108.08496600016952,28.045033999718726,8.004999999888241,6.035000000149012
182.85000000009313,13.84178699995391,26.298213000176474,9.140000000130385,6.274999999906868
100.36000000010245,111.77760499995202,38.99239500006661,7.154999999795109,9.59499999997206
183.09499999997206,22.367550999857485,32.80244900006801,9.910000000149012,8.390000000130385
116.81999999983236,105.60976899997331,34.32523099984974,6.784999999916181,7.080000000074506
199.68500000005588,19.324548000004143,31.21545200003311,7.234999999869615,9.479999999981374
83.92999999993481,79.6718679999467,35.52313199988566,8.729999999981374,8.965000000083819
166.01500000013039,14.984514000127092,39.12048599985428,9.09499999997206,7.379999999888241
100.30000000004657,16.455425000051036,34.579574999865144,8.239999999990687,8.599999999860302
99.86499999999069,23.888906000182033,30.486093999817967,6.84499999997206,9.395000000018626
99.77499999990687,112.57792200008407,38.81207800004631,7.350000000093132,7.975000000093132
200.285000000149,28.61478800000623,37.735212000086904,6.699999999720603,9.614999999757856
100.33999999985099,30.144313000142574,35.725686999969184,7.705000000074506,7.600000000093132
99.46499999985099,27.521097999997437,42.27390199992806,10.084999999962747,6.859999999869615
116.55500000016764,131.8468049999792,36.35319500020705,6.955000000074506,7.069999999832362
183.7799999997951,13.630649999948218,38.26934999995865,6.600000000093132,7.710000000428408
116.34500000020489,25.556405999930575,32.20359399984591,10.005000000353903,8.84000000031665
83.72000000020489,122.85724400007166,29.432755999965593,8.354999999981374,7.1749999998137355
199.6549999997951,40.7846379999537,31.840362000046298,10.68500000005588,9.544999999925494
100.29000000003725,36.892471000086516,31.692529000341892,8.154999999795109,7.114999999757856
117.06999999983236,122.39127699984238,43.918723000213504,7.9500000001862645,9.799999999813735
232.6750000002794,34.752085000043735,33.72791499993764,8.084999999962747,9.714999999850988
116.7449999996461,110.94471299997531,37.45528700039722,8.554999999701977,10.020000000018626
216.39000000013039,21.227180999936536,35.41781900008209,8.915000000037253,9.484999999869615
83.58499999996275,101.5848690001294,35.125130999833345,7.675000000279397,8.5
183.43999999994412,14.069025999866426,36.42597400024533,7.4549999996088445,8.735000000335276
83.51500000013039,22.532941000070423,40.83205899968743,9.81000000005588,11.569999999832362
99.23499999986961,124.85902299988084,31.300977000268176,8.634999999776483,9.509999999776483
217.5800000000745,34.14368400000967,37.32631600019522,7.304999999701977,6.830000000074506
133.10499999998137,29.867823999840766,39.637176000513136,9.28499999968335,9.875
133.19500000029802,109.5091830000747,38.96581700001843,8.779999999795109,9.629999999888241
200.43499999959022,19.32883399981074,33.876166000263765,9.125,10.339999999850988
83.20000000018626,23.514046999858692,30.255952999694273,8.700000000186265,5.8950000000186265
99.29000000003725,111.51640100008808,38.90359899983741,6.949999999720603,9.03000000026077
216.7200000002049,22.816174999810755,47.04382500005886,7.205000000074506,8.484999999869615
116.6699999999255,95.45727699995041,40.13272299990058,9.78000000026077,6.435000000055879
167.339999999851,13.583356999792159,39.521643000189215,8.535000000149012,7.225000000093132
99.30500000016764,22.195057000033557,34.47994299978018,11.31499999994412,9.18500000005588
100.62999999988824,26.972375999903306,29.367623999947682,7.790000000037253,5.870000000111759
99.93999999994412,125.38868299988098,44.38131700013764,8.600000000093132,6.6049999999813735
216.19499999983236,18.195091999834403,35.59490800020285,9.884999999776483,9.09000000031665
83.35000000009313,32.70733099989593,26.122668999712914,8.440000000409782,5.935000000055879
116.3000000002794,115.45376199996099,36.651238000020385,8.640000000130385,7.8950000000186265
200.40999999968335,13.745343999937177,38.409656000323594,7.364999999757856,9.660000000149012
83.70999999996275,30.127950000111014,40.59205000009388,8.839999999850988,7.21999999973923
99.33499999996275,18.55536499992013,37.00463500013575,7.759999999776483,6.880000000353903
116.8300000000745,39.01824500015937,31.47675499995239,7.3250000001862645,9.269999999552965
133.25,119.11725899996236,33.66774100018665,7.8549999999813735,9.93999999994412
183.1300000003539,24.358764000004157,45.33123599993996,8.950000000186265,7.794999999925494
117.31999999983236,34.21489299996756,36.38010700023733,7.350000000093132,8.464999999850988
133.64500000001863,21.192164999898523,34.13283499982208,7.40999999968335,7.179999999701977
82.48499999986961,22.016739999875426,33.94326000008732,8.005000000353903,6.984999999869615
99.93500000005588,22.141199000179768,35.19880099967122,9.360000000335276,7.064999999944121
116.93500000005588,21.57435499993153,34.530645000049844,9.270000000018626,7.785000000149012
83.65499999979511,28.29260900011286,38.65739099960774,7.584999999962747,9.820000000298023
116.28000000026077,116.32375600002706,34.8712439998053,8.565000000409782,7.939999999944121
200.46999999973923,13.521230000071228,40.02877000020817,7.34499999973923,6.8950000000186265
99.60000000009313,106.88305400009267,43.03194599994458,9.09000000031665,9.43999999994412
200.375,28.1042769998312,40.690723000094295,11.285000000149012,8.93999999994412
132.94499999983236,89.15201799990609,32.2629819996655,15.915000000037253,8.350000000093132
153.29000000003725,16.499795000068843,35.840205000247806,10.404999999795109,10.535000000149012
113.22999999998137,33.66170800011605,36.07829200010747,8.825000000186265,8.389999999664724
133.535000000149,118.06550700007938,37.27949299965985,8.754999999888241,6.129999999888241
183.29000000003725,23.79245699988678,46.87754300003871,11.860000000335276,7.129999999888241
100.77499999990687,91.36966299987398,47.44533700007014,8.75,6.540000000037253
182.85000000009313,25.098553000018,32.921447000000626,11.765000000130385,7.725000000093132
87.71499999985099,26.617034999886528,57.03296500002034,7.685000000055879,6.809999999590218